device_id,product_class,timestamp,rx_power_dbm,tx_power_dbm,bias_current_ua,supply_voltage_v,temperature_c,rx_power_lower,rx_power_upper,health_score,root_cause,vendor
HUAWEI_BOX_021,HG8145V5,2026-02-15 20:05:44,-12.57,2.66,10551.07,3.3,44.22,-28,-8,0,NORMAL,HUAWEI
HUAWEI_BOX_027,HG8145V5,2026-02-16 14:05:44,-18.8,2.37,10389.74,3.3,54.27,-28,-8,0,NORMAL,HUAWEI
HUAWEI_BOX_016,HG8145V5,2026-02-15 14:05:44,-15.19,1.83,10063.05,3.36,51.19,-28,-8,0,NORMAL,HUAWEI
HUAWEI_BOX_001,HG8145V5,2026-02-17 08:05:44,-31.69,6.96,16781.77,3.03,71.51,-28,-8,2,CRITICAL_FIBER_ISSUE,HUAWEI
HUAWEI_BOX_024,HG8145V5,2026-02-15 20:05:44,-14.03,3.41,9398.01,3.31,45.78,-28,-8,0,NORMAL,HUAWEI
HUAWEI_BOX_023,HG8145V5,2026-02-16 14:05:44,-19.3,4.01,13903.11,3.2,67.68,-28,-8,1,OPTICAL_AGING,HUAWEI
HUAWEI_BOX_020,HG8145V5,2026-02-16 14:05:44,-23.52,4.41,11904.89,3.29,69.31,-28,-8,1,OPTICAL_AGING,HUAWEI
HUAWEI_BOX_011,HG8145V5,2026-02-17 08:05:44,-22.74,4.35,13937.8,3.25,67.86,-28,-8,1,OPTICAL_AGING,HUAWEI
HUAWEI_BOX_001,HG8145V5,2026-02-16 08:05:44,-30.56,6.02,18244.6,3.24,74.73,-28,-8,2,CRITICAL_FIBER_ISSUE,HUAWEI
HUAWEI_BOX_018,HG8145V5,2026-02-16 08:05:44,-23.23,3.4,11501.75,3.25,59.79,-28,-8,0,NORMAL,HUAWEI
HUAWEI_BOX_024,HG8145V5,2026-02-16 20:05:44,-15.92,3.46,10137.76,3.35,37.52,-28,-8,0,NORMAL,HUAWEI
HUAWEI_BOX_006,HG8145V5,2026-02-16 20:05:44,-25.63,4.39,12453.63,3.39,66.37,-28,-8,1,OPTICAL_AGING,HUAWEI
HUAWEI_BOX_022,HG8145V5,2026-02-17 02:05:44,-26.31,3.54,12982.86,3.18,61.92,-28,-8,1,OPTICAL_AGING,HUAWEI
HUAWEI_BOX_005,HG8145V5,2026-02-16 08:05:44,-13.43,3.64,9821.72,3.39,49.05,-28,-8,0,NORMAL,HUAWEI
HUAWEI_BOX_019,HG8145V5,2026-02-15 14:05:44,-20.56,3.01,10102.45,3.24,63.93,-28,-8,0,NORMAL,HUAWEI
HUAWEI_BOX_023,HG8145V5,2026-02-15 08:05:44,-23.19,3.94,13508.34,3.25,55.15,-28,-8,0,NORMAL,HUAWEI
HUAWEI_BOX_029,HG8145V5,2026-02-17 08:05:44,-24.5,3.2,12899.27,3.21,58.69,-28,-8,0,NORMAL,HUAWEI
HUAWEI_BOX_022,HG8145V5,2026-02-15 08:05:44,-18.62,3.19,9464.14,3.28,51.77,-28,-8,0,NORMAL,HUAWEI
HUAWEI_BOX_015,HG8145V5,2026-02-17 02:05:44,-15.06,2.53,8169.94,3.37,46.61,-28,-8,0,NORMAL,HUAWEI
HUAWEI_BOX_017,HG8145V5,2026-02-16 08:05:44,-31.2,6.02,14660.47,3.09,73.08,-28,-8,2,CRITICAL_FIBER_ISSUE,HUAWEI
HUAWEI_BOX_008,HG8145V5,2026-02-17 02:05:44,-21.12,4.9,13605.55,3.17,57.52,-28,-8,1,OPTICAL_AGING,HUAWEI
HUAWEI_BOX_012,HG8145V5,2026-02-15 20:05:44,-12.24,3.2,10898.31,3.31,41.69,-28,-8,0,NORMAL,HUAWEI
HUAWEI_BOX_025,HG8145V5,2026-02-17 08:05:44,-31.3,3.99,17307.53,3.04,72.5,-28,-8,2,CRITICAL_FIBER_ISSUE,HUAWEI
HUAWEI_BOX_026,HG8145V5,2026-02-15 02:05:44,-18.42,2.57,9134.62,3.29,46.73,-28,-8,0,NORMAL,HUAWEI
HUAWEI_BOX_011,HG8145V5,2026-02-16 02:05:44,-19.79,4.79,13479.06,3.22,66.33,-28,-8,1,OPTICAL_AGING,HUAWEI
HUAWEI_BOX_005,HG8145V5,2026-02-15 14:05:44,-11.72,3.0,9966.29,3.36,46.81,-28,-8,0,NORMAL,HUAWEI
HUAWEI_BOX_029,HG8145V5,2026-02-15 08:05:44,-18.97,4.44,14053.84,3.3,65.25,-28,-8,1,OPTICAL_AGING,HUAWEI
HUAWEI_BOX_030,HG8145V5,2026-02-16 08:05:44,-13.33,2.78,8665.19,3.26,46.02,-28,-8,0,NORMAL,HUAWEI
HUAWEI_BOX_016,HG8145V5,2026-02-16 20:05:44,-20.4,3.65,9683.92,3.33,50.04,-28,-8,0,NORMAL,HUAWEI
HUAWEI_BOX_024,HG8145V5,2026-02-17 02:05:44,-16.19,3.3,9323.9,3.21,47.99,-28,-8,0,NORMAL,HUAWEI
HUAWEI_BOX_002,HG8145V5,2026-02-16 20:05:44,-17.13,3.95,9121.27,3.35,39.66,-28,-8,0,NORMAL,HUAWEI
HUAWEI_BOX_017,HG8145V5,2026-02-16 02:05:44,-30.3,4.82,15294.9,3.03,77.6,-28,-8,2,CRITICAL_FIBER_ISSUE,HUAWEI
HUAWEI_BOX_004,HG8145V5,2026-02-15 20:05:44,-32.11,5.8,16026.57,3.19,76.59,-28,-8,2,CRITICAL_FIBER_ISSUE,HUAWEI
HUAWEI_BOX_003,HG8145V5,2026-02-16 02:05:44,-22.2,3.1,10945.63,3.26,56.23,-28,-8,0,NORMAL,HUAWEI
HUAWEI_BOX_022,HG8145V5,2026-02-16 08:05:44,-23.17,4.68,11520.95,3.24,58.25,-28,-8,0,NORMAL,HUAWEI
HUAWEI_BOX_012,HG8145V5,2026-02-17 08:05:44,-20.2,3.9,9968.21,3.28,51.07,-28,-8,0,NORMAL,HUAWEI
HUAWEI_BOX_001,HG8145V5,2026-02-16 20:05:44,-29.41,5.73,16356.22,3.26,73.9,-28,-8,2,CRITICAL_FIBER_ISSUE,HUAWEI
HUAWEI_BOX_010,HG8145V5,2026-02-15 02:05:44,-20.27,2.97,14085.18,3.24,57.26,-28,-8,1,OPTICAL_AGING,HUAWEI
HUAWEI_BOX_005,HG8145V5,2026-02-16 14:05:44,-15.55,3.74,9572.35,3.28,50.81,-28,-8,0,NORMAL,HUAWEI
HUAWEI_BOX_008,HG8145V5,2026-02-15 20:05:44,-22.52,3.67,13208.6,3.2,66.27,-28,-8,0,NORMAL,HUAWEI
HUAWEI_BOX_010,HG8145V5,2026-02-15 20:05:44,-18.0,4.75,12960.82,3.28,69.29,-28,-8,0,NORMAL,HUAWEI
HUAWEI_BOX_008,HG8145V5,2026-02-16 14:05:44,-21.02,5.31,13742.78,3.21,64.07,-28,-8,1,OPTICAL_AGING,HUAWEI
HUAWEI_BOX_029,HG8145V5,2026-02-16 14:05:44,-21.04,4.91,12949.75,3.26,67.84,-28,-8,0,NORMAL,HUAWEI
HUAWEI_BOX_007,HG8145V5,2026-02-15 02:05:44,-17.01,3.23,10902.44,3.22,44.51,-28,-8,0,NORMAL,HUAWEI
HUAWEI_BOX_008,HG8145V5,2026-02-16 20:05:44,-22.49,3.17,14407.46,3.2,59.32,-28,-8,1,OPTICAL_AGING,HUAWEI
HUAWEI_BOX_007,HG8145V5,2026-02-15 20:05:44,-13.89,2.15,10717.72,3.32,47.63,-28,-8,0,NORMAL,HUAWEI
HUAWEI_BOX_024,HG8145V5,2026-02-16 02:05:44,-14.92,3.85,7926.54,3.28,47.34,-28,-8,0,NORMAL,HUAWEI
HUAWEI_BOX_023,HG8145V5,2026-02-17 08:05:44,-23.79,4.27,13497.96,3.18,56.4,-28,-8,0,NORMAL,HUAWEI
HUAWEI_BOX_012,HG8145V5,2026-02-15 08:05:44,-13.25,3.29,9830.93,3.34,41.33,-28,-8,0,NORMAL,HUAWEI
HUAWEI_BOX_024,HG8145V5,2026-02-15 08:05:44,-13.86,3.07,9082.47,3.25,38.5,-28,-8,0,NORMAL,HUAWEI
HUAWEI_BOX_019,HG8145V5,2026-02-15 02:05:44,-19.05,3.26,9097.98,3.41,47.97,-28,-8,0,NORMAL,HUAWEI
HUAWEI_BOX_015,HG8145V5,2026-02-16 02:05:44,-12.81,3.1,9084.34,3.26,39.18,-28,-8,0,NORMAL,HUAWEI
HUAWEI_BOX_024,HG8145V5,2026-02-17 08:05:44,-12.17,3.84,10470.92,3.29,41.78,-28,-8,0,NORMAL,HUAWEI
HUAWEI_BOX_008,HG8145V5,2026-02-16 08:05:44,-22.27,4.6,14129.47,3.25,69.56,-28,-8,1,OPTICAL_AGING,HUAWEI
HUAWEI_BOX_030,HG8145V5,2026-02-16 20:05:44,-17.77,2.47,9237.11,3.29,37.41,-28,-8,0,NORMAL,HUAWEI
HUAWEI_BOX_028,HG8145V5,2026-02-17 02:05:44,-15.44,3.36,8179.6,3.35,39.27,-28,-8,0,NORMAL,HUAWEI
HUAWEI_BOX_010,HG8145V5,2026-02-16 20:05:44,-23.38,3.64,13016.66,3.25,55.6,-28,-8,0,NORMAL,HUAWEI
HUAWEI_BOX_010,HG8145V5,2026-02-15 14:05:44,-23.43,2.71,14471.5,3.24,66.42,-28,-8,1,OPTICAL_AGING,HUAWEI
HUAWEI_BOX_020,HG8145V5,2026-02-15 14:05:44,-19.45,4.29,9972.32,3.29,63.55,-28,-8,0,NORMAL,HUAWEI
HUAWEI_BOX_003,HG8145V5,2026-02-16 08:05:44,-22.55,4.07,11418.02,3.24,60.72,-28,-8,0,NORMAL,HUAWEI
HUAWEI_BOX_024,HG8145V5,2026-02-15 14:05:44,-12.4,2.37,9407.35,3.35,55.84,-28,-8,0,NORMAL,HUAWEI
HUAWEI_BOX_006,HG8145V5,2026-02-17 08:05:44,-26.61,3.34,13576.77,3.29,64.46,-28,-8,1,OPTICAL_AGING,HUAWEI
HUAWEI_BOX_001,HG8145V5,2026-02-16 14:05:44,-29.18,5.71,15394.35,3.16,68.87,-28,-8,2,CRITICAL_FIBER_ISSUE,HUAWEI
HUAWEI_BOX_019,HG8145V5,2026-02-16 08:05:44,-23.52,3.1,11439.0,3.32,60.31,-28,-8,0,NORMAL,HUAWEI
HUAWEI_BOX_018,HG8145V5,2026-02-15 20:05:44,-20.37,3.69,10513.9,3.3,56.47,-28,-8,0,NORMAL,HUAWEI
HUAWEI_BOX_004,HG8145V5,2026-02-15 02:05:44,-30.28,6.6,14993.52,3.21,72.71,-28,-8,2,CRITICAL_FIBER_ISSUE,HUAWEI
HUAWEI_BOX_003,HG8145V5,2026-02-15 14:05:44,-19.53,4.52,9864.58,3.33,57.01,-28,-8,0,NORMAL,HUAWEI
HUAWEI_BOX_026,HG8145V5,2026-02-16 14:05:44,-24.57,4.88,11685.52,3.23,71.02,-28,-8,1,OPTICAL_AGING,HUAWEI
HUAWEI_BOX_006,HG8145V5,2026-02-16 14:05:44,-23.53,4.44,12097.35,3.21,67.51,-28,-8,1,OPTICAL_AGING,HUAWEI
HUAWEI_BOX_019,HG8145V5,2026-02-16 14:05:44,-24.19,3.84,12153.1,3.2,70.71,-28,-8,1,OPTICAL_AGING,HUAWEI
HUAWEI_BOX_011,HG8145V5,2026-02-17 02:05:44,-23.21,3.95,13297.81,3.26,54.02,-28,-8,0,NORMAL,HUAWEI
HUAWEI_BOX_013,HG8145V5,2026-02-16 14:05:44,-24.71,3.86,12083.94,3.24,66.23,-28,-8,1,OPTICAL_AGING,HUAWEI
HUAWEI_BOX_024,HG8145V5,2026-02-15 02:05:44,-14.8,3.83,10817.84,3.34,37.39,-28,-8,0,NORMAL,HUAWEI
HUAWEI_BOX_020,HG8145V5,2026-02-15 20:05:44,-20.96,3.71,10231.07,3.26,53.38,-28,-8,0,NORMAL,HUAWEI
HUAWEI_BOX_013,HG8145V5,2026-02-17 08:05:44,-26.74,3.69,13425.03,3.2,66.63,-28,-8,1,OPTICAL_AGING,HUAWEI
HUAWEI_BOX_029,HG8145V5,2026-02-15 14:05:44,-18.76,5.14,12748.4,3.29,65.87,-28,-8,0,NORMAL,HUAWEI
HUAWEI_BOX_009,HG8145V5,2026-02-15 14:05:44,-15.54,3.3,8825.28,3.3,58.39,-28,-8,0,NORMAL,HUAWEI
HUAWEI_BOX_009,HG8145V5,2026-02-16 02:05:44,-17.69,2.95,8482.45,3.28,45.08,-28,-8,0,NORMAL,HUAWEI
HUAWEI_BOX_007,HG8145V5,2026-02-16 14:05:44,-14.39,4.18,9973.89,3.24,56.68,-28,-8,0,NORMAL,HUAWEI
HUAWEI_BOX_029,HG8145V5,2026-02-17 02:05:44,-21.04,4.52,13556.38,3.3,62.41,-28,-8,1,OPTICAL_AGING,HUAWEI
HUAWEI_BOX_017,HG8145V5,2026-02-15 20:05:44,-32.06,5.62,15105.55,3.19,71.46,-28,-8,2,CRITICAL_FIBER_ISSUE,HUAWEI
HUAWEI_BOX_016,HG8145V5,2026-02-16 02:05:44,-15.76,2.31,8965.36,3.33,37.42,-28,-8,0,NORMAL,HUAWEI
HUAWEI_BOX_002,HG8145V5,2026-02-17 08:05:44,-11.84,4.17,8383.75,3.28,39.92,-28,-8,0,NORMAL,HUAWEI
HUAWEI_BOX_013,HG8145V5,2026-02-16 02:05:44,-21.92,3.91,11169.01,3.26,55.14,-28,-8,0,NORMAL,HUAWEI
HUAWEI_BOX_008,HG8145V5,2026-02-17 08:05:44,-23.41,4.54,14155.92,3.17,63.46,-28,-8,1,OPTICAL_AGING,HUAWEI
HUAWEI_BOX_012,HG8145V5,2026-02-16 02:05:44,-18.91,4.15,8202.93,3.36,48.8,-28,-8,0,NORMAL,HUAWEI
HUAWEI_BOX_012,HG8145V5,2026-02-17 02:05:44,-16.91,3.06,9331.89,3.29,41.56,-28,-8,0,NORMAL,HUAWEI
HUAWEI_BOX_008,HG8145V5,2026-02-15 14:05:44,-19.28,2.83,13678.24,3.21,66.94,-28,-8,1,OPTICAL_AGING,HUAWEI
HUAWEI_BOX_002,HG8145V5,2026-02-16 08:05:44,-19.08,2.0,8515.37,3.33,38.66,-28,-8,0,NORMAL,HUAWEI
HUAWEI_BOX_002,HG8145V5,2026-02-15 02:05:44,-13.08,2.25,9343.09,3.29,45.75,-28,-8,0,NORMAL,HUAWEI
HUAWEI_BOX_020,HG8145V5,2026-02-16 02:05:44,-21.96,4.05,10944.74,3.35,55.23,-28,-8,0,NORMAL,HUAWEI
HUAWEI_BOX_011,HG8145V5,2026-02-15 08:05:44,-19.77,4.57,14199.33,3.19,59.53,-28,-8,1,OPTICAL_AGING,HUAWEI
HUAWEI_BOX_007,HG8145V5,2026-02-17 02:05:44,-16.84,2.42,8360.3,3.27,44.65,-28,-8,0,NORMAL,HUAWEI
HUAWEI_BOX_023,HG8145V5,2026-02-16 02:05:44,-20.27,4.44,12850.46,3.15,67.63,-28,-8,0,NORMAL,HUAWEI
HUAWEI_BOX_004,HG8145V5,2026-02-16 20:05:44,-31.68,4.78,15597.66,3.04,75.33,-28,-8,2,CRITICAL_FIBER_ISSUE,HUAWEI
HUAWEI_BOX_002,HG8145V5,2026-02-16 14:05:44,-16.55,1.67,11169.51,3.3,49.89,-28,-8,0,NORMAL,HUAWEI
HUAWEI_BOX_018,HG8145V5,2026-02-17 08:05:44,-25.69,2.59,13521.34,3.29,67.95,-28,-8,1,OPTICAL_AGING,HUAWEI
HUAWEI_BOX_015,HG8145V5,2026-02-16 20:05:44,-18.81,2.31,9116.05,3.28,49.96,-28,-8,0,NORMAL,HUAWEI
HUAWEI_BOX_028,HG8145V5,2026-02-16 02:05:44,-12.63,3.91,9911.71,3.36,47.35,-28,-8,0,NORMAL,HUAWEI
HUAWEI_BOX_007,HG8145V5,2026-02-16 20:05:44,-15.09,2.78,8536.71,3.4,41.41,-28,-8,0,NORMAL,HUAWEI
HUAWEI_BOX_023,HG8145V5,2026-02-17 02:05:44,-23.56,4.9,12893.77,3.17,64.98,-28,-8,0,NORMAL,HUAWEI
HUAWEI_BOX_007,HG8145V5,2026-02-17 08:05:44,-17.86,2.17,8923.14,3.3,40.39,-28,-8,0,NORMAL,HUAWEI
HUAWEI_BOX_004,HG8145V5,2026-02-15 08:05:44,-29.57,5.34,17955.97,3.14,74.85,-28,-8,2,CRITICAL_FIBER_ISSUE,HUAWEI
HUAWEI_BOX_019,HG8145V5,2026-02-15 20:05:44,-21.18,4.35,10682.09,3.36,55.44,-28,-8,0,NORMAL,HUAWEI
HUAWEI_BOX_027,HG8145V5,2026-02-16 08:05:44,-15.86,3.17,9215.05,3.32,47.71,-28,-8,0,NORMAL,HUAWEI
HUAWEI_BOX_023,HG8145V5,2026-02-16 08:05:44,-20.34,3.38,14052.78,3.19,68.78,-28,-8,1,OPTICAL_AGING,HUAWEI
HUAWEI_BOX_015,HG8145V5,2026-02-15 02:05:44,-15.41,2.55,9270.76,3.33,39.31,-28,-8,0,NORMAL,HUAWEI
HUAWEI_BOX_002,HG8145V5,2026-02-17 02:05:44,-13.72,3.84,8455.34,3.29,40.67,-28,-8,0,NORMAL,HUAWEI
HUAWEI_BOX_019,HG8145V5,2026-02-15 08:05:44,-19.88,3.52,9525.98,3.28,47.05,-28,-8,0,NORMAL,HUAWEI
HUAWEI_BOX_010,HG8145V5,2026-02-16 14:05:44,-18.91,3.97,13155.86,3.17,71.44,-28,-8,0,NORMAL,HUAWEI
HUAWEI_BOX_014,HG8145V5,2026-02-15 14:05:44,-20.69,3.17,10267.02,3.34,58.75,-28,-8,0,NORMAL,HUAWEI
HUAWEI_BOX_027,HG8145V5,2026-02-15 14:05:44,-18.16,2.42,8106.4,3.3,50.89,-28,-8,0,NORMAL,HUAWEI
HUAWEI_BOX_009,HG8145V5,2026-02-16 14:05:44,-14.03,4.15,8347.48,3.35,55.46,-28,-8,0,NORMAL,HUAWEI
HUAWEI_BOX_025,HG8145V5,2026-02-17 02:05:44,-30.93,6.2,17707.82,3.11,74.26,-28,-8,2,CRITICAL_FIBER_ISSUE,HUAWEI
HUAWEI_BOX_025,HG8145V5,2026-02-16 08:05:44,-31.42,6.05,15451.81,3.11,69.55,-28,-8,2,CRITICAL_FIBER_ISSUE,HUAWEI
HUAWEI_BOX_012,HG8145V5,2026-02-16 14:05:44,-17.96,3.3,10625.1,3.35,46.2,-28,-8,0,NORMAL,HUAWEI
HUAWEI_BOX_015,HG8145V5,2026-02-16 14:05:44,-13.45,2.92,10271.63,3.26,55.8,-28,-8,0,NORMAL,HUAWEI
HUAWEI_BOX_030,HG8145V5,2026-02-15 14:05:44,-16.1,3.06,8935.24,3.34,50.51,-28,-8,0,NORMAL,HUAWEI
HUAWEI_BOX_020,HG8145V5,2026-02-16 20:05:44,-24.68,2.64,12225.72,3.29,59.12,-28,-8,1,OPTICAL_AGING,HUAWEI
HUAWEI_BOX_021,HG8145V5,2026-02-16 14:05:44,-19.79,3.1,8523.92,3.36,48.06,-28,-8,0,NORMAL,HUAWEI
HUAWEI_BOX_006,HG8145V5,2026-02-16 08:05:44,-22.5,3.44,11252.4,3.33,57.97,-28,-8,0,NORMAL,HUAWEI
HUAWEI_BOX_018,HG8145V5,2026-02-15 14:05:44,-20.37,4.39,9892.62,3.28,56.6,-28,-8,0,NORMAL,HUAWEI
HUAWEI_BOX_019,HG8145V5,2026-02-16 02:05:44,-22.18,4.72,11127.18,3.25,57.0,-28,-8,0,NORMAL,HUAWEI
HUAWEI_BOX_017,HG8145V5,2026-02-16 20:05:44,-29.76,5.16,16653.36,3.1,72.74,-28,-8,2,CRITICAL_FIBER_ISSUE,HUAWEI
HUAWEI_BOX_014,HG8145V5,2026-02-17 08:05:44,-26.25,2.5,13632.47,3.3,68.86,-28,-8,1,OPTICAL_AGING,HUAWEI
HUAWEI_BOX_026,HG8145V5,2026-02-15 20:05:44,-21.67,2.86,10518.4,3.18,51.65,-28,-8,0,NORMAL,HUAWEI
HUAWEI_BOX_004,HG8145V5,2026-02-17 02:05:44,-27.88,6.3,14789.07,3.13,69.55,-28,-8,2,CRITICAL_FIBER_ISSUE,HUAWEI
HUAWEI_BOX_013,HG8145V5,2026-02-16 08:05:44,-23.35,2.75,11342.98,3.26,58.99,-28,-8,0,NORMAL,HUAWEI
HUAWEI_BOX_020,HG8145V5,2026-02-16 08:05:44,-21.76,3.96,11573.15,3.31,60.79,-28,-8,0,NORMAL,HUAWEI
HUAWEI_BOX_029,HG8145V5,2026-02-15 20:05:44,-22.19,3.67,13803.15,3.2,63.18,-28,-8,0,NORMAL,HUAWEI
HUAWEI_BOX_014,HG8145V5,2026-02-16 20:05:44,-25.1,4.87,12775.95,3.25,60.57,-28,-8,1,OPTICAL_AGING,HUAWEI
HUAWEI_BOX_012,HG8145V5,2026-02-15 14:05:44,-16.93,2.54,10036.37,3.32,54.17,-28,-8,0,NORMAL,HUAWEI
HUAWEI_BOX_017,HG8145V5,2026-02-17 02:05:44,-29.11,5.36,16940.89,3.05,71.75,-28,-8,2,CRITICAL_FIBER_ISSUE,HUAWEI
HUAWEI_BOX_012,HG8145V5,2026-02-16 20:05:44,-14.5,4.25,8407.94,3.33,43.12,-28,-8,0,NORMAL,HUAWEI
HUAWEI_BOX_028,HG8145V5,2026-02-16 20:05:44,-18.26,3.41,10212.46,3.27,46.26,-28,-8,0,NORMAL,HUAWEI
HUAWEI_BOX_028,HG8145V5,2026-02-15 08:05:44,-15.37,1.9,8339.61,3.29,39.36,-28,-8,0,NORMAL,HUAWEI
HUAWEI_BOX_016,HG8145V5,2026-02-16 08:05:44,-17.02,3.57,9253.75,3.27,48.18,-28,-8,0,NORMAL,HUAWEI
HUAWEI_BOX_018,HG8145V5,2026-02-16 14:05:44,-23.57,5.05,11888.31,3.33,63.7,-28,-8,1,OPTICAL_AGING,HUAWEI
HUAWEI_BOX_018,HG8145V5,2026-02-17 02:05:44,-26.19,4.45,13135.05,3.26,64.1,-28,-8,1,OPTICAL_AGING,HUAWEI
HUAWEI_BOX_001,HG8145V5,2026-02-15 14:05:44,-32.91,5.34,15451.53,3.23,77.85,-28,-8,2,CRITICAL_FIBER_ISSUE,HUAWEI
HUAWEI_BOX_012,HG8145V5,2026-02-16 08:05:44,-14.98,2.45,10489.46,3.24,39.64,-28,-8,0,NORMAL,HUAWEI
HUAWEI_BOX_015,HG8145V5,2026-02-15 20:05:44,-15.32,3.63,9742.57,3.31,49.5,-28,-8,0,NORMAL,HUAWEI
HUAWEI_BOX_018,HG8145V5,2026-02-16 20:05:44,-25.42,3.38,12581.88,3.23,58.83,-28,-8,1,OPTICAL_AGING,HUAWEI
HUAWEI_BOX_013,HG8145V5,2026-02-15 02:05:44,-18.45,3.42,9051.74,3.28,43.03,-28,-8,0,NORMAL,HUAWEI
HUAWEI_BOX_022,HG8145V5,2026-02-15 02:05:44,-17.3,4.02,9255.29,3.22,51.44,-28,-8,0,NORMAL,HUAWEI
HUAWEI_BOX_027,HG8145V5,2026-02-15 02:05:44,-15.59,3.51,8224.82,3.35,34.8,-28,-8,0,NORMAL,HUAWEI
HUAWEI_BOX_013,HG8145V5,2026-02-16 20:05:44,-26.05,4.7,12168.89,3.32,60.94,-28,-8,1,OPTICAL_AGING,HUAWEI
HUAWEI_BOX_008,HG8145V5,2026-02-16 02:05:44,-20.29,4.76,13214.76,3.21,64.42,-28,-8,0,NORMAL,HUAWEI
HUAWEI_BOX_003,HG8145V5,2026-02-17 08:05:44,-26.53,2.03,13546.19,3.3,64.1,-28,-8,1,OPTICAL_AGING,HUAWEI
HUAWEI_BOX_009,HG8145V5,2026-02-15 20:05:44,-14.31,2.5,8534.87,3.3,48.06,-28,-8,0,NORMAL,HUAWEI
HUAWEI_BOX_027,HG8145V5,2026-02-17 08:05:44,-12.51,3.0,10997.51,3.25,43.97,-28,-8,0,NORMAL,HUAWEI
HUAWEI_BOX_011,HG8145V5,2026-02-16 20:05:44,-21.72,3.26,12493.8,3.21,70.01,-28,-8,0,NORMAL,HUAWEI
HUAWEI_BOX_023,HG8145V5,2026-02-15 20:05:44,-19.85,4.42,14107.39,3.17,59.58,-28,-8,1,OPTICAL_AGING,HUAWEI
HUAWEI_BOX_016,HG8145V5,2026-02-17 02:05:44,-13.84,3.81,8524.63,3.33,43.5,-28,-8,0,NORMAL,HUAWEI
HUAWEI_BOX_029,HG8145V5,2026-02-15 02:05:44,-22.61,3.21,12942.0,3.22,64.04,-28,-8,0,NORMAL,HUAWEI
HUAWEI_BOX_025,HG8145V5,2026-02-16 14:05:44,-31.54,4.45,14742.51,3.16,65.81,-28,-8,2,CRITICAL_FIBER_ISSUE,HUAWEI
HUAWEI_BOX_023,HG8145V5,2026-02-15 14:05:44,-18.45,3.88,13759.54,3.23,62.67,-28,-8,1,OPTICAL_AGING,HUAWEI
HUAWEI_BOX_007,HG8145V5,2026-02-16 08:05:44,-16.9,2.64,8715.81,3.37,45.08,-28,-8,0,NORMAL,HUAWEI
HUAWEI_BOX_020,HG8145V5,2026-02-17 02:05:44,-25.33,2.73,12928.19,3.2,63.92,-28,-8,1,OPTICAL_AGING,HUAWEI
HUAWEI_BOX_009,HG8145V5,2026-02-16 08:05:44,-18.21,2.8,10345.29,3.3,41.49,-28,-8,0,NORMAL,HUAWEI
HUAWEI_BOX_022,HG8145V5,2026-02-15 20:05:44,-20.5,5.09,10679.31,3.23,55.36,-28,-8,0,NORMAL,HUAWEI
HUAWEI_BOX_016,HG8145V5,2026-02-17 08:05:44,-18.34,2.39,10164.85,3.31,42.46,-28,-8,0,NORMAL,HUAWEI
HUAWEI_BOX_002,HG8145V5,2026-02-15 14:05:44,-19.91,2.42,10615.69,3.32,50.57,-28,-8,0,NORMAL,HUAWEI
HUAWEI_BOX_004,HG8145V5,2026-02-16 08:05:44,-30.1,4.18,15109.99,3.25,73.23,-28,-8,2,CRITICAL_FIBER_ISSUE,HUAWEI
HUAWEI_BOX_003,HG8145V5,2026-02-17 02:05:44,-26.55,4.27,12868.88,3.16,64.16,-28,-8,1,OPTICAL_AGING,HUAWEI
HUAWEI_BOX_015,HG8145V5,2026-02-15 14:05:44,-12.18,3.29,8692.6,3.33,53.84,-28,-8,0,NORMAL,HUAWEI
HUAWEI_BOX_029,HG8145V5,2026-02-16 02:05:44,-20.46,4.13,14259.62,3.18,57.7,-28,-8,1,OPTICAL_AGING,HUAWEI
HUAWEI_BOX_026,HG8145V5,2026-02-16 02:05:44,-21.91,4.86,10996.87,3.21,53.16,-28,-8,0,NORMAL,HUAWEI
HUAWEI_BOX_018,HG8145V5,2026-02-15 02:05:44,-18.16,4.5,9065.77,3.31,48.09,-28,-8,0,NORMAL,HUAWEI
HUAWEI_BOX_006,HG8145V5,2026-02-15 08:05:44,-18.68,5.24,9525.67,3.23,50.78,-28,-8,0,NORMAL,HUAWEI
HUAWEI_BOX_010,HG8145V5,2026-02-16 08:05:44,-19.72,4.75,12556.15,3.19,64.59,-28,-8,0,NORMAL,HUAWEI
HUAWEI_BOX_021,HG8145V5,2026-02-17 02:05:44,-14.9,3.42,8409.72,3.32,49.08,-28,-8,0,NORMAL,HUAWEI
HUAWEI_BOX_025,HG8145V5,2026-02-16 20:05:44,-29.21,4.64,16903.22,3.22,65.9,-28,-8,2,CRITICAL_FIBER_ISSUE,HUAWEI
HUAWEI_BOX_005,HG8145V5,2026-02-15 08:05:44,-15.53,3.23,9399.5,3.29,45.34,-28,-8,0,NORMAL,HUAWEI
HUAWEI_BOX_009,HG8145V5,2026-02-17 08:05:44,-13.99,3.69,9874.77,3.33,40.04,-28,-8,0,NORMAL,HUAWEI
HUAWEI_BOX_025,HG8145V5,2026-02-16 02:05:44,-31.42,4.25,17336.77,3.19,68.55,-28,-8,2,CRITICAL_FIBER_ISSUE,HUAWEI
HUAWEI_BOX_014,HG8145V5,2026-02-16 14:05:44,-23.63,5.12,11868.31,3.27,69.59,-28,-8,1,OPTICAL_AGING,HUAWEI
HUAWEI_BOX_003,HG8145V5,2026-02-16 14:05:44,-23.64,4.31,11981.45,3.28,66.09,-28,-8,1,OPTICAL_AGING,HUAWEI
HUAWEI_BOX_030,HG8145V5,2026-02-15 20:05:44,-15.61,2.08,10815.71,3.28,41.08,-28,-8,0,NORMAL,HUAWEI
HUAWEI_BOX_015,HG8145V5,2026-02-15 08:05:44,-13.02,3.39,9138.04,3.31,42.79,-28,-8,0,NORMAL,HUAWEI
HUAWEI_BOX_021,HG8145V5,2026-02-15 02:05:44,-18.83,3.53,8754.56,3.3,37.14,-28,-8,0,NORMAL,HUAWEI
HUAWEI_BOX_001,HG8145V5,2026-02-15 02:05:44,-28.98,4.64,16613.33,3.17,68.56,-28,-8,2,CRITICAL_FIBER_ISSUE,HUAWEI
HUAWEI_BOX_027,HG8145V5,2026-02-17 02:05:44,-19.24,3.47,8652.36,3.2,44.29,-28,-8,0,NORMAL,HUAWEI
HUAWEI_BOX_028,HG8145V5,2026-02-15 14:05:44,-18.0,3.15,10519.79,3.34,51.81,-28,-8,0,NORMAL,HUAWEI
HUAWEI_BOX_011,HG8145V5,2026-02-15 02:05:44,-22.85,4.43,13395.82,3.37,56.37,-28,-8,0,NORMAL,HUAWEI
HUAWEI_BOX_026,HG8145V5,2026-02-17 08:05:44,-26.96,4.75,13677.14,3.28,65.33,-28,-8,1,OPTICAL_AGING,HUAWEI
HUAWEI_BOX_026,HG8145V5,2026-02-16 08:05:44,-24.07,4.8,11264.62,3.27,54.78,-28,-8,0,NORMAL,HUAWEI
HUAWEI_BOX_018,HG8145V5,2026-02-15 08:05:44,-19.88,3.99,9407.98,3.31,48.38,-28,-8,0,NORMAL,HUAWEI
HUAWEI_BOX_010,HG8145V5,2026-02-17 02:05:44,-18.37,3.37,13444.37,3.25,63.97,-28,-8,0,NORMAL,HUAWEI
HUAWEI_BOX_004,HG8145V5,2026-02-16 14:05:44,-28.67,4.66,17836.31,3.14,76.15,-28,-8,2,CRITICAL_FIBER_ISSUE,HUAWEI
HUAWEI_BOX_007,HG8145V5,2026-02-15 08:05:44,-17.56,2.53,8363.99,3.29,48.07,-28,-8,0,NORMAL,HUAWEI
HUAWEI_BOX_016,HG8145V5,2026-02-15 02:05:44,-19.0,2.72,9829.97,3.3,38.92,-28,-8,0,NORMAL,HUAWEI
HUAWEI_BOX_024,HG8145V5,2026-02-16 14:05:44,-16.57,2.9,8246.76,3.28,52.65,-28,-8,0,NORMAL,HUAWEI
HUAWEI_BOX_021,HG8145V5,2026-02-15 14:05:44,-16.48,3.46,8854.82,3.31,57.59,-28,-8,0,NORMAL,HUAWEI
HUAWEI_BOX_025,HG8145V5,2026-02-15 14:05:44,-28.04,5.62,15533.16,3.28,76.99,-28,-8,2,CRITICAL_FIBER_ISSUE,HUAWEI
HUAWEI_BOX_002,HG8145V5,2026-02-15 08:05:44,-15.27,2.35,10092.85,3.32,42.25,-28,-8,0,NORMAL,HUAWEI
HUAWEI_BOX_030,HG8145V5,2026-02-16 14:05:44,-19.32,1.67,9865.34,3.27,56.06,-28,-8,0,NORMAL,HUAWEI
HUAWEI_BOX_027,HG8145V5,2026-02-16 20:05:44,-18.6,2.2,10497.46,3.27,43.45,-28,-8,0,NORMAL,HUAWEI
HUAWEI_BOX_003,HG8145V5,2026-02-16 20:05:44,-25.12,4.2,12589.06,3.33,62.12,-28,-8,1,OPTICAL_AGING,HUAWEI
HUAWEI_BOX_022,HG8145V5,2026-02-17 08:05:44,-27.0,4.5,13298.43,3.31,68.68,-28,-8,1,OPTICAL_AGING,HUAWEI
HUAWEI_BOX_001,HG8145V5,2026-02-16 02:05:44,-30.41,4.82,17175.42,3.1,68.04,-28,-8,2,CRITICAL_FIBER_ISSUE,HUAWEI
HUAWEI_BOX_013,HG8145V5,2026-02-15 14:05:44,-20.4,3.12,10071.82,3.28,59.18,-28,-8,0,NORMAL,HUAWEI
HUAWEI_BOX_004,HG8145V5,2026-02-15 14:05:44,-28.94,6.5,15132.47,3.17,69.3,-28,-8,2,CRITICAL_FIBER_ISSUE,HUAWEI
HUAWEI_BOX_021,HG8145V5,2026-02-16 02:05:44,-19.01,2.72,9164.11,3.28,39.57,-28,-8,0,NORMAL,HUAWEI
HUAWEI_BOX_017,HG8145V5,2026-02-15 14:05:44,-30.41,6.0,15229.31,3.17,73.93,-28,-8,2,CRITICAL_FIBER_ISSUE,HUAWEI
HUAWEI_BOX_021,HG8145V5,2026-02-17 08:05:44,-19.52,2.68,10169.07,3.32,42.68,-28,-8,0,NORMAL,HUAWEI
HUAWEI_BOX_029,HG8145V5,2026-02-16 08:05:44,-21.32,4.63,13417.05,3.14,61.45,-28,-8,1,OPTICAL_AGING,HUAWEI
HUAWEI_BOX_014,HG8145V5,2026-02-17 02:05:44,-26.67,3.56,13104.66,3.3,64.63,-28,-8,1,OPTICAL_AGING,HUAWEI
HUAWEI_BOX_007,HG8145V5,2026-02-15 14:05:44,-15.88,1.98,9518.71,3.28,58.88,-28,-8,0,NORMAL,HUAWEI
HUAWEI_BOX_014,HG8145V5,2026-02-16 08:05:44,-22.91,2.67,11637.39,3.2,59.05,-28,-8,0,NORMAL,HUAWEI
HUAWEI_BOX_013,HG8145V5,2026-02-17 02:05:44,-26.07,2.77,12943.24,3.27,65.62,-28,-8,1,OPTICAL_AGING,HUAWEI
HUAWEI_BOX_030,HG8145V5,2026-02-15 02:05:44,-17.55,3.13,10627.72,3.35,41.22,-28,-8,0,NORMAL,HUAWEI
HUAWEI_BOX_001,HG8145V5,2026-02-17 02:05:44,-31.23,4.34,15508.35,3.24,76.0,-28,-8,2,CRITICAL_FIBER_ISSUE,HUAWEI
HUAWEI_BOX_008,HG8145V5,2026-02-15 02:05:44,-23.16,4.12,12696.09,3.15,52.24,-28,-8,0,NORMAL,HUAWEI
HUAWEI_BOX_027,HG8145V5,2026-02-16 02:05:44,-14.34,3.72,8901.83,3.32,44.95,-28,-8,0,NORMAL,HUAWEI
HUAWEI_BOX_007,HG8145V5,2026-02-16 02:05:44,-17.69,3.74,10433.03,3.27,46.48,-28,-8,0,NORMAL,HUAWEI
HUAWEI_BOX_005,HG8145V5,2026-02-16 02:05:44,-16.34,1.94,8080.81,3.33,47.93,-28,-8,0,NORMAL,HUAWEI
HUAWEI_BOX_028,HG8145V5,2026-02-17 08:05:44,-18.69,2.32,8515.38,3.41,44.21,-28,-8,0,NORMAL,HUAWEI
HUAWEI_BOX_016,HG8145V5,2026-02-16 14:05:44,-14.6,3.16,8568.75,3.24,57.78,-28,-8,0,NORMAL,HUAWEI
HUAWEI_BOX_005,HG8145V5,2026-02-15 02:05:44,-13.04,3.89,10784.7,3.25,38.82,-28,-8,0,NORMAL,HUAWEI
HUAWEI_BOX_013,HG8145V5,2026-02-15 20:05:44,-21.34,3.88,10375.65,3.24,54.43,-28,-8,0,NORMAL,HUAWEI
HUAWEI_BOX_028,HG8145V5,2026-02-16 08:05:44,-17.26,2.89,8939.79,3.33,43.81,-28,-8,0,NORMAL,HUAWEI
HUAWEI_BOX_022,HG8145V5,2026-02-16 14:05:44,-23.69,4.03,11912.24,3.22,72.46,-28,-8,1,OPTICAL_AGING,HUAWEI
HUAWEI_BOX_016,HG8145V5,2026-02-15 20:05:44,-14.96,2.55,10573.53,3.27,45.86,-28,-8,0,NORMAL,HUAWEI
HUAWEI_BOX_003,HG8145V5,2026-02-15 20:05:44,-20.63,2.41,10456.36,3.25,54.78,-28,-8,0,NORMAL,HUAWEI
HUAWEI_BOX_027,HG8145V5,2026-02-15 08:05:44,-19.47,2.35,9818.12,3.29,42.87,-28,-8,0,NORMAL,HUAWEI
HUAWEI_BOX_012,HG8145V5,2026-02-15 02:05:44,-14.17,2.8,10529.34,3.3,43.57,-28,-8,0,NORMAL,HUAWEI
HUAWEI_BOX_009,HG8145V5,2026-02-15 08:05:44,-14.54,2.61,9605.24,3.33,44.77,-28,-8,0,NORMAL,HUAWEI
HUAWEI_BOX_021,HG8145V5,2026-02-16 20:05:44,-12.94,3.15,9459.9,3.31,43.28,-28,-8,0,NORMAL,HUAWEI
HUAWEI_BOX_022,HG8145V5,2026-02-15 14:05:44,-19.51,3.44,9832.21,3.26,59.31,-28,-8,0,NORMAL,HUAWEI
HUAWEI_BOX_004,HG8145V5,2026-02-17 08:05:44,-31.66,5.49,16962.85,3.21,70.88,-28,-8,2,CRITICAL_FIBER_ISSUE,HUAWEI
HUAWEI_BOX_025,HG8145V5,2026-02-15 02:05:44,-28.48,5.08,15131.24,3.12,67.37,-28,-8,2,CRITICAL_FIBER_ISSUE,HUAWEI
HUAWEI_BOX_030,HG8145V5,2026-02-15 08:05:44,-15.36,3.95,10431.56,3.33,39.71,-28,-8,0,NORMAL,HUAWEI
HUAWEI_BOX_026,HG8145V5,2026-02-17 02:05:44,-25.87,2.46,13001.95,3.25,68.42,-28,-8,1,OPTICAL_AGING,HUAWEI
HUAWEI_BOX_020,HG8145V5,2026-02-17 08:05:44,-26.83,4.16,13401.29,3.32,62.87,-28,-8,1,OPTICAL_AGING,HUAWEI
HUAWEI_BOX_002,HG8145V5,2026-02-16 02:05:44,-19.67,3.06,10499.33,3.3,38.82,-28,-8,0,NORMAL,HUAWEI
HUAWEI_BOX_005,HG8145V5,2026-02-16 20:05:44,-12.18,3.15,9179.34,3.24,45.42,-28,-8,0,NORMAL,HUAWEI
HUAWEI_BOX_010,HG8145V5,2026-02-16 02:05:44,-19.75,3.45,13196.26,3.15,60.02,-28,-8,0,NORMAL,HUAWEI
HUAWEI_BOX_027,HG8145V5,2026-02-15 20:05:44,-15.44,2.13,10175.73,3.33,42.57,-28,-8,0,NORMAL,HUAWEI
HUAWEI_BOX_023,HG8145V5,2026-02-16 20:05:44,-20.29,4.54,13002.97,3.26,57.75,-28,-8,0,NORMAL,HUAWEI
HUAWEI_BOX_028,HG8145V5,2026-02-15 20:05:44,-19.94,2.32,9229.85,3.3,45.08,-28,-8,0,NORMAL,HUAWEI
HUAWEI_BOX_021,HG8145V5,2026-02-15 08:05:44,-16.23,2.37,8643.55,3.28,47.48,-28,-8,0,NORMAL,HUAWEI
HUAWEI_BOX_017,HG8145V5,2026-02-15 08:05:44,-30.4,4.09,14958.41,3.11,75.59,-28,-8,2,CRITICAL_FIBER_ISSUE,HUAWEI
HUAWEI_BOX_005,HG8145V5,2026-02-15 20:05:44,-17.12,2.94,9951.82,3.32,47.33,-28,-8,0,NORMAL,HUAWEI
HUAWEI_BOX_022,HG8145V5,2026-02-16 20:05:44,-25.31,2.52,12408.34,3.35,61.66,-28,-8,1,OPTICAL_AGING,HUAWEI
HUAWEI_BOX_015,HG8145V5,2026-02-16 08:05:44,-18.83,1.77,8395.34,3.37,48.93,-28,-8,0,NORMAL,HUAWEI
HUAWEI_BOX_020,HG8145V5,2026-02-15 02:05:44,-18.05,4.75,9098.31,3.2,47.6,-28,-8,0,NORMAL,HUAWEI
HUAWEI_BOX_023,HG8145V5,2026-02-15 02:05:44,-20.57,4.37,12586.6,3.31,55.94,-28,-8,0,NORMAL,HUAWEI
HUAWEI_BOX_026,HG8145V5,2026-02-15 08:05:44,-19.39,2.47,9618.66,3.19,45.88,-28,-8,0,NORMAL,HUAWEI
HUAWEI_BOX_001,HG8145V5,2026-02-15 20:05:44,-31.6,5.12,14888.88,3.12,73.25,-28,-8,2,CRITICAL_FIBER_ISSUE,HUAWEI
HUAWEI_BOX_011,HG8145V5,2026-02-16 08:05:44,-22.52,4.81,14463.92,3.23,59.45,-28,-8,1,OPTICAL_AGING,HUAWEI
HUAWEI_BOX_006,HG8145V5,2026-02-15 20:05:44,-21.58,3.75,10730.76,3.36,51.79,-28,-8,0,NORMAL,HUAWEI
HUAWEI_BOX_014,HG8145V5,2026-02-15 20:05:44,-21.46,2.75,10469.85,3.29,56.97,-28,-8,0,NORMAL,HUAWEI
HUAWEI_BOX_001,HG8145V5,2026-02-15 08:05:44,-27.17,6.36,17378.45,3.17,66.75,-28,-8,2,CRITICAL_FIBER_ISSUE,HUAWEI
HUAWEI_BOX_014,HG8145V5,2026-02-15 08:05:44,-19.47,2.83,9446.15,3.26,52.26,-28,-8,0,NORMAL,HUAWEI
HUAWEI_BOX_011,HG8145V5,2026-02-15 20:05:44,-19.94,4.28,13678.81,3.2,55.61,-28,-8,1,OPTICAL_AGING,HUAWEI
HUAWEI_BOX_005,HG8145V5,2026-02-17 08:05:44,-16.85,3.14,8990.32,3.34,46.75,-28,-8,0,NORMAL,HUAWEI
HUAWEI_BOX_009,HG8145V5,2026-02-15 02:05:44,-13.99,3.19,10588.19,3.24,42.6,-28,-8,0,NORMAL,HUAWEI
HUAWEI_BOX_021,HG8145V5,2026-02-16 08:05:44,-12.39,3.36,10443.98,3.31,38.32,-28,-8,0,NORMAL,HUAWEI
HUAWEI_BOX_004,HG8145V5,2026-02-16 02:05:44,-28.31,4.2,15938.06,3.08,74.18,-28,-8,2,CRITICAL_FIBER_ISSUE,HUAWEI
HUAWEI_BOX_010,HG8145V5,2026-02-15 08:05:44,-21.74,4.18,12457.2,3.22,61.13,-28,-8,0,NORMAL,HUAWEI
HUAWEI_BOX_006,HG8145V5,2026-02-15 14:05:44,-20.38,2.92,10063.32,3.2,61.71,-28,-8,0,NORMAL,HUAWEI
HUAWEI_BOX_025,HG8145V5,2026-02-15 08:05:44,-28.1,3.89,17446.98,3.25,76.2,-28,-8,2,CRITICAL_FIBER_ISSUE,HUAWEI
HUAWEI_BOX_002,HG8145V5,2026-02-15 20:05:44,-11.39,3.8,10050.23,3.34,46.32,-28,-8,0,NORMAL,HUAWEI
HUAWEI_BOX_009,HG8145V5,2026-02-17 02:05:44,-17.7,3.51,10187.54,3.26,47.23,-28,-8,0,NORMAL,HUAWEI
HUAWEI_BOX_017,HG8145V5,2026-02-16 14:05:44,-27.68,6.28,14547.09,3.11,66.01,-28,-8,2,CRITICAL_FIBER_ISSUE,HUAWEI
HUAWEI_BOX_030,HG8145V5,2026-02-16 02:05:44,-17.84,2.36,8379.44,3.36,36.09,-28,-8,0,NORMAL,HUAWEI
HUAWEI_BOX_014,HG8145V5,2026-02-16 02:05:44,-22.74,3.28,10909.06,3.19,59.2,-28,-8,0,NORMAL,HUAWEI
HUAWEI_BOX_029,HG8145V5,2026-02-16 20:05:44,-23.22,3.58,12985.48,3.21,59.85,-28,-8,0,NORMAL,HUAWEI
HUAWEI_BOX_025,HG8145V5,2026-02-15 20:05:44,-29.82,6.13,17458.01,3.23,82.36,-28,-8,2,CRITICAL_FIBER_ISSUE,HUAWEI
HUAWEI_BOX_006,HG8145V5,2026-02-16 02:05:44,-22.09,3.64,11031.51,3.2,55.85,-28,-8,0,NORMAL,HUAWEI
HUAWEI_BOX_006,HG8145V5,2026-02-15 02:05:44,-18.34,4.02,8891.94,3.23,46.06,-28,-8,0,NORMAL,HUAWEI
HUAWEI_BOX_018,HG8145V5,2026-02-16 02:05:44,-22.09,4.18,11143.25,3.25,56.76,-28,-8,0,NORMAL,HUAWEI
HUAWEI_BOX_019,HG8145V5,2026-02-17 08:05:44,-26.63,4.58,13427.85,3.24,71.44,-28,-8,1,OPTICAL_AGING,HUAWEI
HUAWEI_BOX_030,HG8145V5,2026-02-17 02:05:44,-18.22,2.26,8826.39,3.29,37.67,-28,-8,0,NORMAL,HUAWEI
HUAWEI_BOX_019,HG8145V5,2026-02-16 20:05:44,-25.03,3.45,12349.04,3.2,59.37,-28,-8,1,OPTICAL_AGING,HUAWEI
HUAWEI_BOX_017,HG8145V5,2026-02-17 08:05:44,-30.6,4.69,17219.49,3.14,70.22,-28,-8,2,CRITICAL_FIBER_ISSUE,HUAWEI
HUAWEI_BOX_006,HG8145V5,2026-02-17 02:05:44,-26.26,3.17,12909.76,3.25,64.94,-28,-8,1,OPTICAL_AGING,HUAWEI
HUAWEI_BOX_005,HG8145V5,2026-02-17 02:05:44,-12.63,2.57,10489.48,3.26,41.38,-28,-8,0,NORMAL,HUAWEI
HUAWEI_BOX_024,HG8145V5,2026-02-16 08:05:44,-18.35,3.63,10140.85,3.21,44.45,-28,-8,0,NORMAL,HUAWEI
HUAWEI_BOX_026,HG8145V5,2026-02-15 14:05:44,-20.31,5.15,10112.69,3.23,55.94,-28,-8,0,NORMAL,HUAWEI
HUAWEI_BOX_003,HG8145V5,2026-02-15 08:05:44,-19.85,3.76,9316.62,3.32,48.93,-28,-8,0,NORMAL,HUAWEI
HUAWEI_BOX_017,HG8145V5,2026-02-15 02:05:44,-29.05,4.25,17356.82,3.21,75.2,-28,-8,2,CRITICAL_FIBER_ISSUE,HUAWEI
HUAWEI_BOX_028,HG8145V5,2026-02-16 14:05:44,-14.29,1.96,8920.79,3.32,50.28,-28,-8,0,NORMAL,HUAWEI
HUAWEI_BOX_020,HG8145V5,2026-02-15 08:05:44,-19.93,4.25,9379.94,3.33,47.07,-28,-8,0,NORMAL,HUAWEI
HUAWEI_BOX_026,HG8145V5,2026-02-16 20:05:44,-24.72,4.82,12545.99,3.31,64.22,-28,-8,1,OPTICAL_AGING,HUAWEI
HUAWEI_BOX_015,HG8145V5,2026-02-17 08:05:44,-12.82,2.63,8451.17,3.25,41.93,-28,-8,0,NORMAL,HUAWEI
HUAWEI_BOX_014,HG8145V5,2026-02-15 02:05:44,-18.2,4.72,9026.56,3.3,49.6,-28,-8,0,NORMAL,HUAWEI
HUAWEI_BOX_016,HG8145V5,2026-02-15 08:05:44,-19.5,3.27,10107.28,3.3,44.98,-28,-8,0,NORMAL,HUAWEI
HUAWEI_BOX_010,HG8145V5,2026-02-17 08:05:44,-24.01,3.25,14009.73,3.19,68.35,-28,-8,1,OPTICAL_AGING,HUAWEI
HUAWEI_BOX_009,HG8145V5,2026-02-16 20:05:44,-19.16,2.81,8610.12,3.28,38.49,-28,-8,0,NORMAL,HUAWEI
HUAWEI_BOX_022,HG8145V5,2026-02-16 02:05:44,-21.86,3.47,11042.29,3.3,56.64,-28,-8,0,NORMAL,HUAWEI
HUAWEI_BOX_013,HG8145V5,2026-02-15 08:05:44,-19.54,4.6,9496.15,3.29,48.03,-28,-8,0,NORMAL,HUAWEI
HUAWEI_BOX_030,HG8145V5,2026-02-17 08:05:44,-19.01,4.69,10610.52,3.26,42.6,-28,-8,0,NORMAL,HUAWEI
HUAWEI_BOX_003,HG8145V5,2026-02-15 02:05:44,-17.51,4.65,9097.89,3.21,48.66,-28,-8,0,NORMAL,HUAWEI
HUAWEI_BOX_019,HG8145V5,2026-02-17 02:05:44,-25.26,2.16,12967.09,3.37,67.33,-28,-8,1,OPTICAL_AGING,HUAWEI
HUAWEI_BOX_008,HG8145V5,2026-02-15 08:05:44,-20.96,2.72,12783.3,3.19,64.62,-28,-8,0,NORMAL,HUAWEI
HUAWEI_BOX_011,HG8145V5,2026-02-16 14:05:44,-20.66,2.92,13964.62,3.34,60.59,-28,-8,1,OPTICAL_AGING,HUAWEI
HUAWEI_BOX_028,HG8145V5,2026-02-15 02:05:44,-15.31,2.48,9034.42,3.33,40.62,-28,-8,0,NORMAL,HUAWEI
HUAWEI_BOX_011,HG8145V5,2026-02-15 14:05:44,-23.88,4.23,12798.04,3.15,70.05,-28,-8,0,NORMAL,HUAWEI
NOKIA_BOX_021,G-2425G-A,2026-02-15 20:06:25,-20.02,2.52,9867.59,3.21,46.51,-28,-8,0,NORMAL,NOKIA
NOKIA_BOX_027,G-2425G-A,2026-02-16 14:06:25,-15.06,1.56,11296.08,3.33,60.71,-28,-8,0,NORMAL,NOKIA
NOKIA_BOX_016,G-1425G-B,2026-02-15 14:06:25,-20.07,2.28,11707.0,3.15,59.32,-28,-8,0,NORMAL,NOKIA
NOKIA_BOX_001,G-2425G-A,2026-02-17 08:06:25,-28.14,4.08,16007.26,3.21,72.97,-28,-8,2,SEVERE_SIGNAL_LOSS,NOKIA
NOKIA_BOX_024,G-1425G-B,2026-02-15 20:06:25,-13.46,0.94,12692.73,3.34,35.46,-28,-8,0,NORMAL,NOKIA
NOKIA_BOX_023,G-2425G-A,2026-02-16 14:06:25,-15.07,1.23,12253.29,3.29,43.84,-28,-8,0,NORMAL,NOKIA
NOKIA_BOX_020,G-1425G-B,2026-02-16 14:06:25,-11.49,3.38,10633.27,3.19,56.06,-28,-8,0,NORMAL,NOKIA
NOKIA_BOX_011,G-2425G-A,2026-02-17 08:06:25,-17.09,1.91,11230.22,3.34,51.68,-28,-8,0,NORMAL,NOKIA
NOKIA_BOX_001,G-2425G-A,2026-02-16 08:06:25,-27.49,4.41,18381.67,3.21,71.86,-28,-8,2,SEVERE_SIGNAL_LOSS,NOKIA
NOKIA_BOX_018,G-1425G-B,2026-02-16 08:06:25,-22.8,3.71,13029.0,3.16,54.57,-28,-8,1,MACROBEND_OR_CONNECTOR,NOKIA
NOKIA_BOX_024,G-1425G-B,2026-02-16 20:06:25,-20.58,3.06,9767.1,3.23,34.33,-28,-8,0,NORMAL,NOKIA
NOKIA_BOX_006,G-1425G-B,2026-02-16 20:06:25,-24.91,3.44,13500.73,3.17,61.37,-28,-8,1,MACROBEND_OR_CONNECTOR,NOKIA
NOKIA_BOX_022,G-1425G-B,2026-02-17 02:06:25,-29.17,3.77,15243.53,3.12,79.25,-28,-8,2,SEVERE_SIGNAL_LOSS,NOKIA
NOKIA_BOX_005,G-2425G-A,2026-02-16 08:06:25,-15.45,3.08,11585.25,3.25,37.62,-28,-8,0,NORMAL,NOKIA
NOKIA_BOX_019,G-2425G-A,2026-02-15 14:06:25,-20.56,4.8,11778.87,3.14,53.08,-28,-8,0,NORMAL,NOKIA
NOKIA_BOX_023,G-2425G-A,2026-02-15 08:06:25,-14.82,3.69,12193.46,3.3,41.36,-28,-8,0,NORMAL,NOKIA
NOKIA_BOX_029,G-2425G-A,2026-02-17 08:06:25,-18.25,1.9,10898.3,3.35,36.89,-28,-8,0,NORMAL,NOKIA
NOKIA_BOX_022,G-1425G-B,2026-02-15 08:06:25,-26.84,3.99,16315.25,3.07,82.56,-28,-8,2,SEVERE_SIGNAL_LOSS,NOKIA
NOKIA_BOX_015,G-2425G-A,2026-02-17 02:06:25,-25.27,3.44,14298.02,3.24,50.31,-28,-8,1,MACROBEND_OR_CONNECTOR,NOKIA
NOKIA_BOX_017,G-2425G-A,2026-02-16 08:06:25,-22.87,4.72,12926.9,3.3,57.13,-28,-8,1,MACROBEND_OR_CONNECTOR,NOKIA
NOKIA_BOX_008,G-1425G-B,2026-02-17 02:06:25,-26.24,3.09,14150.32,3.26,63.03,-28,-8,1,MACROBEND_OR_CONNECTOR,NOKIA
NOKIA_BOX_012,G-1425G-B,2026-02-15 20:06:25,-25.88,2.95,12967.03,3.29,59.16,-28,-8,1,MACROBEND_OR_CONNECTOR,NOKIA
NOKIA_BOX_025,G-2425G-A,2026-02-17 08:06:25,-19.86,2.51,10574.11,3.28,46.03,-28,-8,0,NORMAL,NOKIA
NOKIA_BOX_026,G-1425G-B,2026-02-15 02:06:25,-29.62,5.55,18087.04,3.2,66.21,-28,-8,2,SEVERE_SIGNAL_LOSS,NOKIA
NOKIA_BOX_011,G-2425G-A,2026-02-16 02:06:25,-20.5,2.07,13234.71,3.35,45.49,-28,-8,0,NORMAL,NOKIA
NOKIA_BOX_005,G-2425G-A,2026-02-15 14:06:25,-18.02,3.0,12265.25,3.37,54.47,-28,-8,0,NORMAL,NOKIA
NOKIA_BOX_029,G-2425G-A,2026-02-15 08:06:25,-19.54,3.02,11988.76,3.23,40.73,-28,-8,0,NORMAL,NOKIA
NOKIA_BOX_030,G-1425G-B,2026-02-16 08:06:25,-18.49,3.87,10838.91,3.14,50.2,-28,-8,0,NORMAL,NOKIA
NOKIA_BOX_016,G-1425G-B,2026-02-16 20:06:25,-24.57,3.88,13566.13,3.22,60.73,-28,-8,1,MACROBEND_OR_CONNECTOR,NOKIA
NOKIA_BOX_024,G-1425G-B,2026-02-17 02:06:25,-17.93,2.86,11918.27,3.39,37.37,-28,-8,0,NORMAL,NOKIA
NOKIA_BOX_002,G-1425G-B,2026-02-16 20:06:25,-19.1,2.09,12143.37,3.39,41.68,-28,-8,0,NORMAL,NOKIA
NOKIA_BOX_017,G-2425G-A,2026-02-16 02:06:25,-23.28,2.09,12902.36,3.24,53.34,-28,-8,0,NORMAL,NOKIA
NOKIA_BOX_004,G-1425G-B,2026-02-15 20:06:25,-26.04,3.36,13810.85,3.13,60.72,-28,-8,1,MACROBEND_OR_CONNECTOR,NOKIA
NOKIA_BOX_003,G-2425G-A,2026-02-16 02:06:25,-23.69,1.85,12641.34,3.13,53.19,-28,-8,0,NORMAL,NOKIA
NOKIA_BOX_022,G-1425G-B,2026-02-16 08:06:25,-28.63,3.46,15843.56,3.11,72.55,-28,-8,2,SEVERE_SIGNAL_LOSS,NOKIA
NOKIA_BOX_012,G-1425G-B,2026-02-17 08:06:25,-25.86,2.84,14199.48,3.2,64.2,-28,-8,1,MACROBEND_OR_CONNECTOR,NOKIA
NOKIA_BOX_001,G-2425G-A,2026-02-16 20:06:25,-28.73,5.11,16263.47,3.0,71.76,-28,-8,2,SEVERE_SIGNAL_LOSS,NOKIA
NOKIA_BOX_010,G-1425G-B,2026-02-15 02:06:25,-17.82,1.86,11474.8,3.21,45.57,-28,-8,0,NORMAL,NOKIA
NOKIA_BOX_005,G-2425G-A,2026-02-16 14:06:25,-10.49,2.94,12639.78,3.28,53.8,-28,-8,0,NORMAL,NOKIA
NOKIA_BOX_008,G-1425G-B,2026-02-15 20:06:25,-21.5,2.1,12038.31,3.33,54.32,-28,-8,0,NORMAL,NOKIA
NOKIA_BOX_010,G-1425G-B,2026-02-15 20:06:25,-21.71,3.0,12177.85,3.28,53.02,-28,-8,0,NORMAL,NOKIA
NOKIA_BOX_008,G-1425G-B,2026-02-16 14:06:25,-24.38,2.29,13185.03,3.25,63.71,-28,-8,1,MACROBEND_OR_CONNECTOR,NOKIA
NOKIA_BOX_029,G-2425G-A,2026-02-16 14:06:25,-17.0,3.02,11820.8,3.38,49.04,-28,-8,0,NORMAL,NOKIA
NOKIA_BOX_007,G-2425G-A,2026-02-15 02:06:25,-18.15,3.5,11011.23,3.11,49.3,-28,-8,0,NORMAL,NOKIA
NOKIA_BOX_008,G-1425G-B,2026-02-16 20:06:25,-25.01,1.84,13805.78,3.18,58.6,-28,-8,1,MACROBEND_OR_CONNECTOR,NOKIA
NOKIA_BOX_007,G-2425G-A,2026-02-15 20:06:25,-21.43,2.05,12047.63,3.22,54.33,-28,-8,0,NORMAL,NOKIA
NOKIA_BOX_024,G-1425G-B,2026-02-16 02:06:25,-15.6,2.74,11147.46,3.23,40.83,-28,-8,0,NORMAL,NOKIA
NOKIA_BOX_023,G-2425G-A,2026-02-17 08:06:25,-17.82,2.46,11997.53,3.42,36.9,-28,-8,0,NORMAL,NOKIA
NOKIA_BOX_012,G-1425G-B,2026-02-15 08:06:25,-23.4,3.08,14295.97,3.25,51.14,-28,-8,1,MACROBEND_OR_CONNECTOR,NOKIA
NOKIA_BOX_024,G-1425G-B,2026-02-15 08:06:25,-13.36,2.34,10369.9,3.34,42.37,-28,-8,0,NORMAL,NOKIA
NOKIA_BOX_019,G-2425G-A,2026-02-15 02:06:25,-18.07,4.41,11187.28,3.26,45.21,-28,-8,0,NORMAL,NOKIA
NOKIA_BOX_015,G-2425G-A,2026-02-16 02:06:25,-25.05,3.71,14602.06,3.17,54.51,-28,-8,1,MACROBEND_OR_CONNECTOR,NOKIA
NOKIA_BOX_024,G-1425G-B,2026-02-17 08:06:25,-15.53,2.76,10666.76,3.38,49.73,-28,-8,0,NORMAL,NOKIA
NOKIA_BOX_008,G-1425G-B,2026-02-16 08:06:25,-24.44,1.72,13264.56,3.29,52.03,-28,-8,1,MACROBEND_OR_CONNECTOR,NOKIA
NOKIA_BOX_030,G-1425G-B,2026-02-16 20:06:25,-12.42,2.92,10905.24,3.34,48.32,-28,-8,0,NORMAL,NOKIA
NOKIA_BOX_028,G-1425G-B,2026-02-17 02:06:25,-12.08,2.67,10726.26,3.21,34.63,-28,-8,0,NORMAL,NOKIA
NOKIA_BOX_010,G-1425G-B,2026-02-16 20:06:25,-25.75,2.36,13825.9,3.26,60.78,-28,-8,1,MACROBEND_OR_CONNECTOR,NOKIA
NOKIA_BOX_010,G-1425G-B,2026-02-15 14:06:25,-21.28,4.04,11661.94,3.21,56.9,-28,-8,0,NORMAL,NOKIA
NOKIA_BOX_020,G-1425G-B,2026-02-15 14:06:25,-11.35,2.52,12735.57,3.33,58.73,-28,-8,0,NORMAL,NOKIA
NOKIA_BOX_003,G-2425G-A,2026-02-16 08:06:25,-22.82,4.07,13027.72,3.3,56.21,-28,-8,1,MACROBEND_OR_CONNECTOR,NOKIA
NOKIA_BOX_024,G-1425G-B,2026-02-15 14:06:25,-16.78,1.63,13038.1,3.28,52.38,-28,-8,0,NORMAL,NOKIA
NOKIA_BOX_006,G-1425G-B,2026-02-17 08:06:25,-26.78,2.53,14296.24,3.22,64.21,-28,-8,1,MACROBEND_OR_CONNECTOR,NOKIA
NOKIA_BOX_001,G-2425G-A,2026-02-16 14:06:25,-27.92,3.85,17809.4,3.09,64.03,-28,-8,2,SEVERE_SIGNAL_LOSS,NOKIA
NOKIA_BOX_019,G-2425G-A,2026-02-16 08:06:25,-23.9,3.76,12792.78,3.23,55.5,-28,-8,1,MACROBEND_OR_CONNECTOR,NOKIA
NOKIA_BOX_018,G-1425G-B,2026-02-15 20:06:25,-23.2,3.59,13095.22,3.2,50.01,-28,-8,1,MACROBEND_OR_CONNECTOR,NOKIA
NOKIA_BOX_004,G-1425G-B,2026-02-15 02:06:25,-23.65,3.09,14411.66,3.11,60.05,-28,-8,1,MACROBEND_OR_CONNECTOR,NOKIA
NOKIA_BOX_003,G-2425G-A,2026-02-15 14:06:25,-20.5,3.73,11975.07,3.32,54.69,-28,-8,0,NORMAL,NOKIA
NOKIA_BOX_026,G-1425G-B,2026-02-16 14:06:25,-27.41,4.09,16909.6,3.21,80.51,-28,-8,2,SEVERE_SIGNAL_LOSS,NOKIA
NOKIA_BOX_006,G-1425G-B,2026-02-16 14:06:25,-24.28,2.97,13456.87,3.18,59.67,-28,-8,1,MACROBEND_OR_CONNECTOR,NOKIA
NOKIA_BOX_019,G-2425G-A,2026-02-16 14:06:25,-24.07,4.6,13515.49,3.34,65.51,-28,-8,1,MACROBEND_OR_CONNECTOR,NOKIA
NOKIA_BOX_011,G-2425G-A,2026-02-17 02:06:25,-13.71,1.91,12643.88,3.36,47.73,-28,-8,0,NORMAL,NOKIA
NOKIA_BOX_013,G-2425G-A,2026-02-16 14:06:25,-16.17,3.22,10223.42,3.49,47.12,-28,-8,0,NORMAL,NOKIA
NOKIA_BOX_024,G-1425G-B,2026-02-15 02:06:25,-13.26,3.92,11773.42,3.18,39.61,-28,-8,0,NORMAL,NOKIA
NOKIA_BOX_020,G-1425G-B,2026-02-15 20:06:25,-16.47,3.63,12356.63,3.19,42.61,-28,-8,0,NORMAL,NOKIA
NOKIA_BOX_013,G-2425G-A,2026-02-17 08:06:25,-18.02,2.96,12106.29,3.19,39.84,-28,-8,0,NORMAL,NOKIA
NOKIA_BOX_029,G-2425G-A,2026-02-15 14:06:25,-17.84,3.14,12366.87,3.33,50.13,-28,-8,0,NORMAL,NOKIA
NOKIA_BOX_009,G-2425G-A,2026-02-15 14:06:25,-10.35,2.87,12956.0,3.26,53.6,-28,-8,0,NORMAL,NOKIA
NOKIA_BOX_009,G-2425G-A,2026-02-16 02:06:25,-10.64,2.72,10099.17,3.22,40.78,-28,-8,0,NORMAL,NOKIA
NOKIA_BOX_007,G-2425G-A,2026-02-16 14:06:25,-24.96,3.83,13071.79,3.29,59.76,-28,-8,1,MACROBEND_OR_CONNECTOR,NOKIA
NOKIA_BOX_029,G-2425G-A,2026-02-17 02:06:25,-14.36,3.2,11252.14,3.26,40.71,-28,-8,0,NORMAL,NOKIA
NOKIA_BOX_017,G-2425G-A,2026-02-15 20:06:25,-21.61,2.81,12005.35,3.18,51.02,-28,-8,0,NORMAL,NOKIA
NOKIA_BOX_016,G-1425G-B,2026-02-16 02:06:25,-23.29,4.09,12473.71,3.25,53.34,-28,-8,0,NORMAL,NOKIA
NOKIA_BOX_002,G-1425G-B,2026-02-17 08:06:25,-14.05,1.53,12755.73,3.34,36.15,-28,-8,0,NORMAL,NOKIA
NOKIA_BOX_013,G-2425G-A,2026-02-16 02:06:25,-18.66,3.52,10453.21,3.29,38.9,-28,-8,0,NORMAL,NOKIA
NOKIA_BOX_008,G-1425G-B,2026-02-17 08:06:25,-26.58,4.5,14455.89,3.06,62.88,-28,-8,1,MACROBEND_OR_CONNECTOR,NOKIA
NOKIA_BOX_012,G-1425G-B,2026-02-16 02:06:25,-24.21,2.34,13863.85,3.29,51.52,-28,-8,1,MACROBEND_OR_CONNECTOR,NOKIA
NOKIA_BOX_012,G-1425G-B,2026-02-17 02:06:25,-24.95,3.26,13006.53,3.13,62.57,-28,-8,1,MACROBEND_OR_CONNECTOR,NOKIA
NOKIA_BOX_008,G-1425G-B,2026-02-15 14:06:25,-20.27,3.17,11532.2,3.21,55.05,-28,-8,0,NORMAL,NOKIA
NOKIA_BOX_002,G-1425G-B,2026-02-16 08:06:25,-10.39,2.3,10605.35,3.22,49.18,-28,-8,0,NORMAL,NOKIA
NOKIA_BOX_002,G-1425G-B,2026-02-15 02:06:25,-20.96,1.88,11027.43,3.32,36.91,-28,-8,0,NORMAL,NOKIA
NOKIA_BOX_020,G-1425G-B,2026-02-16 02:06:25,-14.92,2.88,10329.39,3.22,46.87,-28,-8,0,NORMAL,NOKIA
NOKIA_BOX_011,G-2425G-A,2026-02-15 08:06:25,-13.29,1.86,11850.34,3.44,50.65,-28,-8,0,NORMAL,NOKIA
NOKIA_BOX_007,G-2425G-A,2026-02-17 02:06:25,-26.97,3.48,14202.55,3.3,63.21,-28,-8,1,MACROBEND_OR_CONNECTOR,NOKIA
NOKIA_BOX_023,G-2425G-A,2026-02-16 02:06:25,-21.68,2.44,11698.05,3.34,31.16,-28,-8,0,NORMAL,NOKIA
NOKIA_BOX_004,G-1425G-B,2026-02-16 20:06:25,-24.88,2.63,13968.99,3.21,60.86,-28,-8,1,MACROBEND_OR_CONNECTOR,NOKIA
NOKIA_BOX_002,G-1425G-B,2026-02-16 14:06:25,-10.45,1.55,11208.6,3.26,48.48,-28,-8,0,NORMAL,NOKIA
NOKIA_BOX_018,G-1425G-B,2026-02-17 08:06:25,-24.18,3.2,14565.18,3.06,53.71,-28,-8,1,MACROBEND_OR_CONNECTOR,NOKIA
NOKIA_BOX_015,G-2425G-A,2026-02-16 20:06:25,-24.43,2.9,14325.1,3.15,57.33,-28,-8,1,MACROBEND_OR_CONNECTOR,NOKIA
NOKIA_BOX_028,G-1425G-B,2026-02-16 02:06:25,-13.11,2.59,12719.96,3.41,44.68,-28,-8,0,NORMAL,NOKIA
NOKIA_BOX_007,G-2425G-A,2026-02-16 20:06:25,-25.39,2.47,13800.59,3.15,58.89,-28,-8,1,MACROBEND_OR_CONNECTOR,NOKIA
NOKIA_BOX_023,G-2425G-A,2026-02-17 02:06:25,-15.51,1.69,10750.01,3.17,48.95,-28,-8,0,NORMAL,NOKIA
NOKIA_BOX_007,G-2425G-A,2026-02-17 08:06:25,-26.82,4.54,14334.11,3.33,58.78,-28,-8,1,MACROBEND_OR_CONNECTOR,NOKIA
NOKIA_BOX_004,G-1425G-B,2026-02-15 08:06:25,-25.78,3.41,12616.87,3.27,60.27,-28,-8,1,MACROBEND_OR_CONNECTOR,NOKIA
NOKIA_BOX_019,G-2425G-A,2026-02-15 20:06:25,-21.43,3.68,12113.67,3.26,49.21,-28,-8,0,NORMAL,NOKIA
NOKIA_BOX_027,G-2425G-A,2026-02-16 08:06:25,-17.71,3.62,10648.84,3.25,37.42,-28,-8,0,NORMAL,NOKIA
NOKIA_BOX_023,G-2425G-A,2026-02-16 08:06:25,-20.39,3.27,10904.25,3.25,39.67,-28,-8,0,NORMAL,NOKIA
NOKIA_BOX_015,G-2425G-A,2026-02-15 02:06:25,-25.43,2.13,14219.25,3.19,68.53,-28,-8,1,MACROBEND_OR_CONNECTOR,NOKIA
NOKIA_BOX_002,G-1425G-B,2026-02-17 02:06:25,-13.73,2.37,12676.15,3.28,48.02,-28,-8,0,NORMAL,NOKIA
NOKIA_BOX_019,G-2425G-A,2026-02-15 08:06:25,-19.09,1.98,11255.67,3.23,47.33,-28,-8,0,NORMAL,NOKIA
NOKIA_BOX_010,G-1425G-B,2026-02-16 14:06:25,-23.6,2.52,13387.13,3.18,61.51,-28,-8,1,MACROBEND_OR_CONNECTOR,NOKIA
NOKIA_BOX_014,G-1425G-B,2026-02-15 14:06:25,-20.29,3.95,11619.6,3.25,61.15,-28,-8,0,NORMAL,NOKIA
NOKIA_BOX_027,G-2425G-A,2026-02-15 14:06:25,-18.29,3.29,11365.31,3.28,63.13,-28,-8,0,NORMAL,NOKIA
NOKIA_BOX_009,G-2425G-A,2026-02-16 14:06:25,-19.18,1.58,11722.54,3.24,54.08,-28,-8,0,NORMAL,NOKIA
NOKIA_BOX_025,G-2425G-A,2026-02-17 02:06:25,-20.2,3.35,11306.18,3.37,36.78,-28,-8,0,NORMAL,NOKIA
NOKIA_BOX_025,G-2425G-A,2026-02-16 08:06:25,-20.95,2.27,10303.81,3.34,39.64,-28,-8,0,NORMAL,NOKIA
NOKIA_BOX_012,G-1425G-B,2026-02-16 14:06:25,-23.23,3.31,13050.31,3.17,60.83,-28,-8,1,MACROBEND_OR_CONNECTOR,NOKIA
NOKIA_BOX_015,G-2425G-A,2026-02-16 14:06:25,-25.07,4.06,13293.41,3.28,68.8,-28,-8,1,MACROBEND_OR_CONNECTOR,NOKIA
NOKIA_BOX_030,G-1425G-B,2026-02-15 14:06:25,-16.04,3.88,10013.67,3.21,42.36,-28,-8,0,NORMAL,NOKIA
NOKIA_BOX_020,G-1425G-B,2026-02-16 20:06:25,-16.53,3.58,12695.43,3.31,48.16,-28,-8,0,NORMAL,NOKIA
NOKIA_BOX_021,G-2425G-A,2026-02-16 14:06:25,-19.38,2.24,10075.32,3.36,52.77,-28,-8,0,NORMAL,NOKIA
NOKIA_BOX_006,G-1425G-B,2026-02-16 08:06:25,-23.71,2.65,13330.85,3.32,55.83,-28,-8,1,MACROBEND_OR_CONNECTOR,NOKIA
NOKIA_BOX_018,G-1425G-B,2026-02-15 14:06:25,-23.97,3.09,14372.0,3.06,56.71,-28,-8,1,MACROBEND_OR_CONNECTOR,NOKIA
NOKIA_BOX_019,G-2425G-A,2026-02-16 02:06:25,-22.04,4.68,12343.2,3.32,48.58,-28,-8,0,NORMAL,NOKIA
NOKIA_BOX_017,G-2425G-A,2026-02-16 20:06:25,-24.8,3.56,13846.65,3.34,62.29,-28,-8,1,MACROBEND_OR_CONNECTOR,NOKIA
NOKIA_BOX_014,G-1425G-B,2026-02-17 08:06:25,-27.53,2.73,14644.96,3.22,64.16,-28,-8,1,MACROBEND_OR_CONNECTOR,NOKIA
NOKIA_BOX_026,G-1425G-B,2026-02-15 20:06:25,-28.44,4.21,16604.87,3.06,66.46,-28,-8,2,SEVERE_SIGNAL_LOSS,NOKIA
NOKIA_BOX_004,G-1425G-B,2026-02-17 02:06:25,-24.53,3.12,14478.35,3.26,53.32,-28,-8,1,MACROBEND_OR_CONNECTOR,NOKIA
NOKIA_BOX_013,G-2425G-A,2026-02-16 08:06:25,-11.76,2.35,10286.17,3.24,39.12,-28,-8,0,NORMAL,NOKIA
NOKIA_BOX_020,G-1425G-B,2026-02-16 08:06:25,-17.35,2.75,12679.5,3.17,41.68,-28,-8,0,NORMAL,NOKIA
NOKIA_BOX_029,G-2425G-A,2026-02-15 20:06:25,-12.53,3.66,11086.6,3.38,41.51,-28,-8,0,NORMAL,NOKIA
NOKIA_BOX_014,G-1425G-B,2026-02-16 20:06:25,-25.39,2.57,13518.95,3.28,58.73,-28,-8,1,MACROBEND_OR_CONNECTOR,NOKIA
NOKIA_BOX_012,G-1425G-B,2026-02-15 14:06:25,-24.76,3.5,13390.96,3.21,64.92,-28,-8,1,MACROBEND_OR_CONNECTOR,NOKIA
NOKIA_BOX_017,G-2425G-A,2026-02-17 02:06:25,-25.1,2.32,14541.23,3.31,58.76,-28,-8,1,MACROBEND_OR_CONNECTOR,NOKIA
NOKIA_BOX_012,G-1425G-B,2026-02-16 20:06:25,-24.75,3.57,14358.66,3.3,65.55,-28,-8,1,MACROBEND_OR_CONNECTOR,NOKIA
NOKIA_BOX_028,G-1425G-B,2026-02-16 20:06:25,-15.71,3.48,12670.64,3.22,51.71,-28,-8,0,NORMAL,NOKIA
NOKIA_BOX_028,G-1425G-B,2026-02-15 08:06:25,-14.03,2.03,11760.49,3.2,40.92,-28,-8,0,NORMAL,NOKIA
NOKIA_BOX_016,G-1425G-B,2026-02-16 08:06:25,-23.06,4.73,13060.46,3.19,54.67,-28,-8,1,MACROBEND_OR_CONNECTOR,NOKIA
NOKIA_BOX_018,G-1425G-B,2026-02-16 14:06:25,-26.16,3.05,12961.68,3.13,60.0,-28,-8,1,MACROBEND_OR_CONNECTOR,NOKIA
NOKIA_BOX_018,G-1425G-B,2026-02-17 02:06:25,-24.34,2.7,14001.97,3.24,57.79,-28,-8,1,MACROBEND_OR_CONNECTOR,NOKIA
NOKIA_BOX_001,G-2425G-A,2026-02-15 14:06:25,-29.27,4.28,16777.47,3.22,73.55,-28,-8,2,SEVERE_SIGNAL_LOSS,NOKIA
NOKIA_BOX_012,G-1425G-B,2026-02-16 08:06:25,-24.14,4.01,13319.38,3.24,67.28,-28,-8,1,MACROBEND_OR_CONNECTOR,NOKIA
NOKIA_BOX_015,G-2425G-A,2026-02-15 20:06:25,-24.89,2.62,13657.95,3.12,51.42,-28,-8,1,MACROBEND_OR_CONNECTOR,NOKIA
NOKIA_BOX_018,G-1425G-B,2026-02-16 20:06:25,-24.63,2.24,12648.51,3.28,66.98,-28,-8,1,MACROBEND_OR_CONNECTOR,NOKIA
NOKIA_BOX_013,G-2425G-A,2026-02-15 02:06:25,-18.34,1.96,11918.32,3.43,39.95,-28,-8,0,NORMAL,NOKIA
NOKIA_BOX_022,G-1425G-B,2026-02-15 02:06:25,-28.06,4.6,15876.86,3.1,71.61,-28,-8,2,SEVERE_SIGNAL_LOSS,NOKIA
NOKIA_BOX_027,G-2425G-A,2026-02-15 02:06:25,-9.35,1.56,12038.85,3.29,45.16,-28,-8,0,NORMAL,NOKIA
NOKIA_BOX_013,G-2425G-A,2026-02-16 20:06:25,-19.99,1.84,11574.17,3.38,48.74,-28,-8,0,NORMAL,NOKIA
NOKIA_BOX_008,G-1425G-B,2026-02-16 02:06:25,-23.61,2.71,12616.89,3.15,54.6,-28,-8,0,NORMAL,NOKIA
NOKIA_BOX_003,G-2425G-A,2026-02-17 08:06:25,-26.49,3.69,14029.03,3.17,60.38,-28,-8,1,MACROBEND_OR_CONNECTOR,NOKIA
NOKIA_BOX_009,G-2425G-A,2026-02-15 20:06:25,-15.15,3.43,11064.94,3.26,43.09,-28,-8,0,NORMAL,NOKIA
NOKIA_BOX_027,G-2425G-A,2026-02-17 08:06:25,-11.33,3.44,11596.35,3.23,38.27,-28,-8,0,NORMAL,NOKIA
NOKIA_BOX_011,G-2425G-A,2026-02-16 20:06:25,-12.62,2.49,12096.88,3.25,39.59,-28,-8,0,NORMAL,NOKIA
NOKIA_BOX_023,G-2425G-A,2026-02-15 20:06:25,-17.9,1.58,11647.43,3.36,37.82,-28,-8,0,NORMAL,NOKIA
NOKIA_BOX_016,G-1425G-B,2026-02-17 02:06:25,-25.02,3.48,13742.31,3.28,60.2,-28,-8,1,MACROBEND_OR_CONNECTOR,NOKIA
NOKIA_BOX_029,G-2425G-A,2026-02-15 02:06:25,-14.75,2.03,10698.65,3.37,45.7,-28,-8,0,NORMAL,NOKIA
NOKIA_BOX_025,G-2425G-A,2026-02-16 14:06:25,-14.96,2.48,11998.34,3.37,48.23,-28,-8,0,NORMAL,NOKIA
NOKIA_BOX_023,G-2425G-A,2026-02-15 14:06:25,-20.49,2.62,12977.69,3.32,43.96,-28,-8,0,NORMAL,NOKIA
NOKIA_BOX_007,G-2425G-A,2026-02-16 08:06:25,-24.46,4.51,12662.44,3.33,55.67,-28,-8,1,MACROBEND_OR_CONNECTOR,NOKIA
NOKIA_BOX_020,G-1425G-B,2026-02-17 02:06:25,-20.8,2.72,10191.75,3.42,38.89,-28,-8,0,NORMAL,NOKIA
NOKIA_BOX_009,G-2425G-A,2026-02-16 08:06:25,-10.86,1.93,12524.46,3.17,38.48,-28,-8,0,NORMAL,NOKIA
NOKIA_BOX_022,G-1425G-B,2026-02-15 20:06:25,-29.62,3.45,16763.93,3.11,75.27,-28,-8,2,SEVERE_SIGNAL_LOSS,NOKIA
NOKIA_BOX_016,G-1425G-B,2026-02-17 08:06:25,-27.46,3.79,14460.0,3.28,60.31,-28,-8,1,MACROBEND_OR_CONNECTOR,NOKIA
NOKIA_BOX_002,G-1425G-B,2026-02-15 14:06:25,-13.31,1.91,12052.6,3.16,52.26,-28,-8,0,NORMAL,NOKIA
NOKIA_BOX_004,G-1425G-B,2026-02-16 08:06:25,-23.75,3.04,12994.36,3.19,55.86,-28,-8,1,MACROBEND_OR_CONNECTOR,NOKIA
NOKIA_BOX_003,G-2425G-A,2026-02-17 02:06:25,-26.09,3.98,14367.42,3.23,62.9,-28,-8,1,MACROBEND_OR_CONNECTOR,NOKIA
NOKIA_BOX_015,G-2425G-A,2026-02-15 14:06:25,-25.65,2.81,13710.02,3.2,55.89,-28,-8,1,MACROBEND_OR_CONNECTOR,NOKIA
NOKIA_BOX_029,G-2425G-A,2026-02-16 02:06:25,-18.98,1.62,12632.13,3.29,47.56,-28,-8,0,NORMAL,NOKIA
NOKIA_BOX_026,G-1425G-B,2026-02-16 02:06:25,-30.07,3.76,14908.81,3.21,72.35,-28,-8,2,SEVERE_SIGNAL_LOSS,NOKIA
NOKIA_BOX_018,G-1425G-B,2026-02-15 02:06:25,-23.83,3.21,13568.46,3.04,58.1,-28,-8,1,MACROBEND_OR_CONNECTOR,NOKIA
NOKIA_BOX_006,G-1425G-B,2026-02-15 08:06:25,-20.19,2.79,11104.97,3.38,48.57,-28,-8,0,NORMAL,NOKIA
NOKIA_BOX_010,G-1425G-B,2026-02-16 08:06:25,-23.73,2.16,13089.87,3.36,55.15,-28,-8,1,MACROBEND_OR_CONNECTOR,NOKIA
NOKIA_BOX_021,G-2425G-A,2026-02-17 02:06:25,-10.48,2.45,11451.49,3.23,47.07,-28,-8,0,NORMAL,NOKIA
NOKIA_BOX_025,G-2425G-A,2026-02-16 20:06:25,-17.03,1.29,11807.15,3.34,38.37,-28,-8,0,NORMAL,NOKIA
NOKIA_BOX_005,G-2425G-A,2026-02-15 08:06:25,-17.12,2.7,12480.68,3.28,38.48,-28,-8,0,NORMAL,NOKIA
NOKIA_BOX_009,G-2425G-A,2026-02-17 08:06:25,-17.1,1.81,12111.12,3.27,38.42,-28,-8,0,NORMAL,NOKIA
NOKIA_BOX_025,G-2425G-A,2026-02-16 02:06:25,-13.92,2.23,10751.89,3.37,34.02,-28,-8,0,NORMAL,NOKIA
NOKIA_BOX_014,G-1425G-B,2026-02-16 14:06:25,-23.46,3.69,13180.86,3.36,66.66,-28,-8,1,MACROBEND_OR_CONNECTOR,NOKIA
NOKIA_BOX_003,G-2425G-A,2026-02-16 14:06:25,-23.98,2.3,13593.37,3.27,64.49,-28,-8,1,MACROBEND_OR_CONNECTOR,NOKIA
NOKIA_BOX_030,G-1425G-B,2026-02-15 20:06:25,-24.3,3.33,13573.95,3.3,70.43,-28,-8,1,MACROBEND_OR_CONNECTOR,NOKIA
NOKIA_BOX_015,G-2425G-A,2026-02-15 08:06:25,-26.1,3.41,13620.09,3.24,52.12,-28,-8,1,MACROBEND_OR_CONNECTOR,NOKIA
NOKIA_BOX_021,G-2425G-A,2026-02-15 02:06:25,-12.12,1.26,10587.91,3.31,48.66,-28,-8,0,NORMAL,NOKIA
NOKIA_BOX_001,G-2425G-A,2026-02-15 02:06:25,-28.84,3.85,14379.34,3.05,79.01,-28,-8,2,SEVERE_SIGNAL_LOSS,NOKIA
NOKIA_BOX_027,G-2425G-A,2026-02-17 02:06:25,-12.54,1.75,9897.17,3.25,31.99,-28,-8,0,NORMAL,NOKIA
NOKIA_BOX_028,G-1425G-B,2026-02-15 14:06:25,-11.37,2.08,10713.45,3.38,60.92,-28,-8,0,NORMAL,NOKIA
NOKIA_BOX_011,G-2425G-A,2026-02-15 02:06:25,-12.59,3.38,11207.4,3.31,43.92,-28,-8,0,NORMAL,NOKIA
NOKIA_BOX_026,G-1425G-B,2026-02-17 08:06:25,-27.98,3.24,18097.73,3.21,70.38,-28,-8,2,SEVERE_SIGNAL_LOSS,NOKIA
NOKIA_BOX_026,G-1425G-B,2026-02-16 08:06:25,-28.45,5.01,17124.84,3.21,69.74,-28,-8,2,SEVERE_SIGNAL_LOSS,NOKIA
NOKIA_BOX_018,G-1425G-B,2026-02-15 08:06:25,-23.1,3.21,12974.52,3.24,57.46,-28,-8,1,MACROBEND_OR_CONNECTOR,NOKIA
NOKIA_BOX_010,G-1425G-B,2026-02-17 02:06:25,-26.06,3.1,14270.65,3.24,61.76,-28,-8,1,MACROBEND_OR_CONNECTOR,NOKIA
NOKIA_BOX_004,G-1425G-B,2026-02-16 14:06:25,-24.91,3.67,12694.74,3.12,66.78,-28,-8,1,MACROBEND_OR_CONNECTOR,NOKIA
NOKIA_BOX_007,G-2425G-A,2026-02-15 08:06:25,-19.29,3.04,11155.55,3.2,50.24,-28,-8,0,NORMAL,NOKIA
NOKIA_BOX_016,G-1425G-B,2026-02-15 02:06:25,-18.94,3.77,11194.68,3.3,45.38,-28,-8,0,NORMAL,NOKIA
NOKIA_BOX_024,G-1425G-B,2026-02-16 14:06:25,-16.88,2.99,10417.95,3.39,51.87,-28,-8,0,NORMAL,NOKIA
NOKIA_BOX_021,G-2425G-A,2026-02-15 14:06:25,-17.82,2.23,12146.95,3.33,50.61,-28,-8,0,NORMAL,NOKIA
NOKIA_BOX_025,G-2425G-A,2026-02-15 14:06:25,-11.25,1.56,10381.51,3.2,54.82,-28,-8,0,NORMAL,NOKIA
NOKIA_BOX_002,G-1425G-B,2026-02-15 08:06:25,-13.32,1.58,10973.32,3.38,47.03,-28,-8,0,NORMAL,NOKIA
NOKIA_BOX_030,G-1425G-B,2026-02-16 14:06:25,-24.7,2.31,15463.83,3.23,61.35,-28,-8,1,MACROBEND_OR_CONNECTOR,NOKIA
NOKIA_BOX_027,G-2425G-A,2026-02-16 20:06:25,-10.27,1.53,11232.92,3.34,46.78,-28,-8,0,NORMAL,NOKIA
NOKIA_BOX_003,G-2425G-A,2026-02-16 20:06:25,-23.84,3.22,13859.54,3.18,60.62,-28,-8,1,MACROBEND_OR_CONNECTOR,NOKIA
NOKIA_BOX_022,G-1425G-B,2026-02-17 08:06:25,-27.67,5.0,14927.24,3.18,73.44,-28,-8,2,SEVERE_SIGNAL_LOSS,NOKIA
NOKIA_BOX_001,G-2425G-A,2026-02-16 02:06:25,-28.78,4.67,19198.84,3.17,76.39,-28,-8,2,SEVERE_SIGNAL_LOSS,NOKIA
NOKIA_BOX_013,G-2425G-A,2026-02-15 14:06:25,-11.09,2.28,12593.14,3.38,48.09,-28,-8,0,NORMAL,NOKIA
NOKIA_BOX_004,G-1425G-B,2026-02-15 14:06:25,-21.9,2.9,13721.6,3.2,69.96,-28,-8,1,MACROBEND_OR_CONNECTOR,NOKIA
NOKIA_BOX_021,G-2425G-A,2026-02-16 02:06:25,-12.03,2.3,10527.55,3.16,38.34,-28,-8,0,NORMAL,NOKIA
NOKIA_BOX_017,G-2425G-A,2026-02-15 14:06:25,-19.75,3.45,11744.93,3.17,55.4,-28,-8,0,NORMAL,NOKIA
NOKIA_BOX_021,G-2425G-A,2026-02-17 08:06:25,-19.09,2.83,11586.88,3.3,36.55,-28,-8,0,NORMAL,NOKIA
NOKIA_BOX_029,G-2425G-A,2026-02-16 08:06:25,-20.23,2.54,12359.77,3.37,50.79,-28,-8,0,NORMAL,NOKIA
NOKIA_BOX_014,G-1425G-B,2026-02-17 02:06:25,-26.32,2.79,13935.71,3.29,63.08,-28,-8,1,MACROBEND_OR_CONNECTOR,NOKIA
NOKIA_BOX_007,G-2425G-A,2026-02-15 14:06:25,-21.26,2.63,11867.78,3.25,55.41,-28,-8,0,NORMAL,NOKIA
NOKIA_BOX_014,G-1425G-B,2026-02-16 08:06:25,-22.97,1.78,12932.85,3.17,54.92,-28,-8,1,MACROBEND_OR_CONNECTOR,NOKIA
NOKIA_BOX_013,G-2425G-A,2026-02-17 02:06:25,-14.43,2.37,11434.39,3.28,37.69,-28,-8,0,NORMAL,NOKIA
NOKIA_BOX_030,G-1425G-B,2026-02-15 02:06:25,-25.72,2.86,13244.11,3.25,68.56,-28,-8,1,MACROBEND_OR_CONNECTOR,NOKIA
NOKIA_BOX_001,G-2425G-A,2026-02-17 02:06:25,-28.72,3.99,14061.62,3.15,67.8,-28,-8,2,SEVERE_SIGNAL_LOSS,NOKIA
NOKIA_BOX_008,G-1425G-B,2026-02-15 02:06:25,-19.02,2.37,10905.5,3.22,48.98,-28,-8,0,NORMAL,NOKIA
NOKIA_BOX_027,G-2425G-A,2026-02-16 02:06:25,-16.9,3.28,10073.6,3.32,43.51,-28,-8,0,NORMAL,NOKIA
NOKIA_BOX_007,G-2425G-A,2026-02-16 02:06:25,-21.06,3.1,12803.05,3.39,54.43,-28,-8,0,NORMAL,NOKIA
NOKIA_BOX_005,G-2425G-A,2026-02-16 02:06:25,-19.57,2.87,10646.64,3.23,47.31,-28,-8,0,NORMAL,NOKIA
NOKIA_BOX_028,G-1425G-B,2026-02-17 08:06:25,-10.41,2.53,11261.65,3.34,48.07,-28,-8,0,NORMAL,NOKIA
NOKIA_BOX_016,G-1425G-B,2026-02-16 14:06:25,-24.72,3.92,13265.53,3.18,63.55,-28,-8,1,MACROBEND_OR_CONNECTOR,NOKIA
NOKIA_BOX_005,G-2425G-A,2026-02-15 02:06:25,-13.93,2.6,10746.62,3.34,47.94,-28,-8,0,NORMAL,NOKIA
NOKIA_BOX_013,G-2425G-A,2026-02-15 20:06:25,-14.88,3.27,11509.13,3.25,48.67,-28,-8,0,NORMAL,NOKIA
NOKIA_BOX_028,G-1425G-B,2026-02-16 08:06:25,-13.04,2.97,10354.31,3.35,49.44,-28,-8,0,NORMAL,NOKIA
NOKIA_BOX_022,G-1425G-B,2026-02-16 14:06:25,-27.87,5.03,17928.45,3.18,80.43,-28,-8,2,SEVERE_SIGNAL_LOSS,NOKIA
NOKIA_BOX_016,G-1425G-B,2026-02-15 20:06:25,-21.08,4.17,12159.94,3.33,53.55,-28,-8,0,NORMAL,NOKIA
NOKIA_BOX_003,G-2425G-A,2026-02-15 20:06:25,-21.14,3.7,12029.59,3.2,51.29,-28,-8,0,NORMAL,NOKIA
NOKIA_BOX_027,G-2425G-A,2026-02-15 08:06:25,-14.96,2.55,13322.21,3.33,42.11,-28,-8,0,NORMAL,NOKIA
NOKIA_BOX_012,G-1425G-B,2026-02-15 02:06:25,-23.44,3.92,13743.01,3.28,55.87,-28,-8,1,MACROBEND_OR_CONNECTOR,NOKIA
NOKIA_BOX_009,G-2425G-A,2026-02-15 08:06:25,-20.31,2.01,12256.51,3.43,43.5,-28,-8,0,NORMAL,NOKIA
NOKIA_BOX_021,G-2425G-A,2026-02-16 20:06:25,-15.84,2.47,12206.64,3.39,37.0,-28,-8,0,NORMAL,NOKIA
NOKIA_BOX_022,G-1425G-B,2026-02-15 14:06:25,-27.9,5.22,17595.99,3.13,77.39,-28,-8,2,SEVERE_SIGNAL_LOSS,NOKIA
NOKIA_BOX_004,G-1425G-B,2026-02-17 08:06:25,-24.71,2.92,13460.42,3.14,64.43,-28,-8,1,MACROBEND_OR_CONNECTOR,NOKIA
NOKIA_BOX_025,G-2425G-A,2026-02-15 02:06:25,-18.89,3.32,11435.31,3.4,42.51,-28,-8,0,NORMAL,NOKIA
NOKIA_BOX_030,G-1425G-B,2026-02-15 08:06:25,-14.82,3.64,12077.4,3.13,51.24,-28,-8,0,NORMAL,NOKIA
NOKIA_BOX_026,G-1425G-B,2026-02-17 02:06:25,-27.49,5.36,17413.23,3.22,67.96,-28,-8,2,SEVERE_SIGNAL_LOSS,NOKIA
NOKIA_BOX_020,G-1425G-B,2026-02-17 08:06:25,-11.06,1.65,12018.21,3.35,36.68,-28,-8,0,NORMAL,NOKIA
NOKIA_BOX_002,G-1425G-B,2026-02-16 02:06:25,-18.2,3.08,12125.4,3.19,46.81,-28,-8,0,NORMAL,NOKIA
NOKIA_BOX_005,G-2425G-A,2026-02-16 20:06:25,-17.46,2.42,11210.16,3.36,47.44,-28,-8,0,NORMAL,NOKIA
NOKIA_BOX_010,G-1425G-B,2026-02-16 02:06:25,-22.25,2.64,12477.78,3.28,53.81,-28,-8,0,NORMAL,NOKIA
NOKIA_BOX_027,G-2425G-A,2026-02-15 20:06:25,-21.62,2.09,11140.48,3.25,45.2,-28,-8,0,NORMAL,NOKIA
NOKIA_BOX_023,G-2425G-A,2026-02-16 20:06:25,-17.51,3.95,10850.58,3.37,47.88,-28,-8,0,NORMAL,NOKIA
NOKIA_BOX_028,G-1425G-B,2026-02-15 20:06:25,-20.22,2.23,10305.38,3.35,39.32,-28,-8,0,NORMAL,NOKIA
NOKIA_BOX_021,G-2425G-A,2026-02-15 08:06:25,-16.85,2.65,12302.68,3.32,42.3,-28,-8,0,NORMAL,NOKIA
NOKIA_BOX_017,G-2425G-A,2026-02-15 08:06:25,-19.09,4.66,11594.26,3.16,45.63,-28,-8,0,NORMAL,NOKIA
NOKIA_BOX_005,G-2425G-A,2026-02-15 20:06:25,-14.62,3.29,10550.0,3.2,34.64,-28,-8,0,NORMAL,NOKIA
NOKIA_BOX_022,G-1425G-B,2026-02-16 20:06:25,-28.1,3.82,16967.82,3.15,67.58,-28,-8,2,SEVERE_SIGNAL_LOSS,NOKIA
NOKIA_BOX_015,G-2425G-A,2026-02-16 08:06:25,-23.28,3.43,13201.65,3.09,52.29,-28,-8,1,MACROBEND_OR_CONNECTOR,NOKIA
NOKIA_BOX_020,G-1425G-B,2026-02-15 02:06:25,-20.7,2.16,12151.85,3.24,39.34,-28,-8,0,NORMAL,NOKIA
NOKIA_BOX_023,G-2425G-A,2026-02-15 02:06:25,-16.5,1.92,10661.25,3.35,37.21,-28,-8,0,NORMAL,NOKIA
NOKIA_BOX_026,G-1425G-B,2026-02-15 08:06:25,-30.0,3.56,19292.98,3.14,68.31,-28,-8,2,SEVERE_SIGNAL_LOSS,NOKIA
NOKIA_BOX_001,G-2425G-A,2026-02-15 20:06:25,-27.85,4.28,15781.97,3.21,80.08,-28,-8,2,SEVERE_SIGNAL_LOSS,NOKIA
NOKIA_BOX_011,G-2425G-A,2026-02-16 08:06:25,-19.3,2.16,10797.76,3.44,46.46,-28,-8,0,NORMAL,NOKIA
NOKIA_BOX_006,G-1425G-B,2026-02-15 20:06:25,-22.15,1.75,12327.57,3.16,56.97,-28,-8,0,NORMAL,NOKIA
NOKIA_BOX_014,G-1425G-B,2026-02-15 20:06:25,-22.31,2.0,12154.39,3.33,53.39,-28,-8,0,NORMAL,NOKIA
NOKIA_BOX_001,G-2425G-A,2026-02-15 08:06:25,-26.25,5.25,16084.32,2.97,68.01,-28,-8,2,SEVERE_SIGNAL_LOSS,NOKIA
NOKIA_BOX_014,G-1425G-B,2026-02-15 08:06:25,-20.19,2.24,11174.45,3.28,49.22,-28,-8,0,NORMAL,NOKIA
NOKIA_BOX_011,G-2425G-A,2026-02-15 20:06:25,-16.31,3.54,10632.93,3.13,34.36,-28,-8,0,NORMAL,NOKIA
NOKIA_BOX_005,G-2425G-A,2026-02-17 08:06:25,-13.31,2.37,12379.02,3.36,40.49,-28,-8,0,NORMAL,NOKIA
NOKIA_BOX_009,G-2425G-A,2026-02-15 02:06:25,-16.15,2.71,9913.28,3.36,34.06,-28,-8,0,NORMAL,NOKIA
NOKIA_BOX_021,G-2425G-A,2026-02-16 08:06:25,-9.17,2.65,11626.89,3.21,50.38,-28,-8,0,NORMAL,NOKIA
NOKIA_BOX_004,G-1425G-B,2026-02-16 02:06:25,-25.2,3.83,13108.44,3.11,55.7,-28,-8,1,MACROBEND_OR_CONNECTOR,NOKIA
NOKIA_BOX_010,G-1425G-B,2026-02-15 08:06:25,-21.1,3.43,11543.33,3.26,49.98,-28,-8,0,NORMAL,NOKIA
NOKIA_BOX_006,G-1425G-B,2026-02-15 14:06:25,-19.8,1.83,11575.15,3.26,57.03,-28,-8,0,NORMAL,NOKIA
NOKIA_BOX_025,G-2425G-A,2026-02-15 08:06:25,-12.69,3.13,12275.78,3.21,45.91,-28,-8,0,NORMAL,NOKIA
NOKIA_BOX_002,G-1425G-B,2026-02-15 20:06:25,-16.33,1.79,10588.58,3.17,39.22,-28,-8,0,NORMAL,NOKIA
NOKIA_BOX_009,G-2425G-A,2026-02-17 02:06:25,-11.63,2.02,12396.63,3.25,40.6,-28,-8,0,NORMAL,NOKIA
NOKIA_BOX_017,G-2425G-A,2026-02-16 14:06:25,-24.16,4.16,13572.32,3.22,66.16,-28,-8,1,MACROBEND_OR_CONNECTOR,NOKIA
NOKIA_BOX_030,G-1425G-B,2026-02-16 02:06:25,-17.98,3.11,12545.49,3.29,40.28,-28,-8,0,NORMAL,NOKIA
NOKIA_BOX_014,G-1425G-B,2026-02-16 02:06:25,-23.46,2.45,12990.59,3.3,53.05,-28,-8,0,NORMAL,NOKIA
NOKIA_BOX_029,G-2425G-A,2026-02-16 20:06:25,-15.32,2.28,12848.95,3.21,35.07,-28,-8,0,NORMAL,NOKIA
NOKIA_BOX_025,G-2425G-A,2026-02-15 20:06:25,-22.15,2.17,11321.06,3.37,38.48,-28,-8,0,NORMAL,NOKIA
NOKIA_BOX_006,G-1425G-B,2026-02-16 02:06:25,-23.46,3.0,12725.65,3.25,56.04,-28,-8,0,NORMAL,NOKIA
NOKIA_BOX_006,G-1425G-B,2026-02-15 02:06:25,-19.66,3.08,10902.57,3.24,47.22,-28,-8,0,NORMAL,NOKIA
NOKIA_BOX_018,G-1425G-B,2026-02-16 02:06:25,-22.51,3.7,13289.45,3.16,56.87,-28,-8,1,MACROBEND_OR_CONNECTOR,NOKIA
NOKIA_BOX_019,G-2425G-A,2026-02-17 08:06:25,-27.26,4.02,14343.59,3.28,57.67,-28,-8,1,MACROBEND_OR_CONNECTOR,NOKIA
NOKIA_BOX_030,G-1425G-B,2026-02-17 02:06:25,-18.57,3.66,10586.37,3.24,50.64,-28,-8,0,NORMAL,NOKIA
NOKIA_BOX_019,G-2425G-A,2026-02-16 20:06:25,-25.92,2.64,13620.96,3.38,58.22,-28,-8,1,MACROBEND_OR_CONNECTOR,NOKIA
NOKIA_BOX_017,G-2425G-A,2026-02-17 08:06:25,-27.55,4.16,14427.44,3.23,65.68,-28,-8,1,MACROBEND_OR_CONNECTOR,NOKIA
NOKIA_BOX_006,G-1425G-B,2026-02-17 02:06:25,-26.22,3.9,14292.28,3.26,59.79,-28,-8,1,MACROBEND_OR_CONNECTOR,NOKIA
NOKIA_BOX_005,G-2425G-A,2026-02-17 02:06:25,-21.02,2.25,12710.78,3.3,46.67,-28,-8,0,NORMAL,NOKIA
NOKIA_BOX_024,G-1425G-B,2026-02-16 08:06:25,-12.19,2.82,11083.24,3.32,34.4,-28,-8,0,NORMAL,NOKIA
NOKIA_BOX_026,G-1425G-B,2026-02-15 14:06:25,-30.34,4.11,14890.4,3.22,70.67,-28,-8,2,SEVERE_SIGNAL_LOSS,NOKIA
NOKIA_BOX_003,G-2425G-A,2026-02-15 08:06:25,-19.55,3.06,11559.34,3.25,52.63,-28,-8,0,NORMAL,NOKIA
NOKIA_BOX_017,G-2425G-A,2026-02-15 02:06:25,-19.44,3.58,11030.58,3.26,51.66,-28,-8,0,NORMAL,NOKIA
NOKIA_BOX_028,G-1425G-B,2026-02-16 14:06:25,-17.2,3.18,12628.98,3.32,57.52,-28,-8,0,NORMAL,NOKIA
NOKIA_BOX_020,G-1425G-B,2026-02-15 08:06:25,-10.26,3.73,12924.57,3.26,44.24,-28,-8,0,NORMAL,NOKIA
NOKIA_BOX_026,G-1425G-B,2026-02-16 20:06:25,-27.96,3.44,15573.26,3.05,77.07,-28,-8,2,SEVERE_SIGNAL_LOSS,NOKIA
NOKIA_BOX_015,G-2425G-A,2026-02-17 08:06:25,-26.22,3.07,14209.38,3.27,61.4,-28,-8,1,MACROBEND_OR_CONNECTOR,NOKIA
NOKIA_BOX_014,G-1425G-B,2026-02-15 02:06:25,-18.58,2.56,10972.34,3.17,49.06,-28,-8,0,NORMAL,NOKIA
NOKIA_BOX_016,G-1425G-B,2026-02-15 08:06:25,-19.64,2.72,11601.88,3.13,47.98,-28,-8,0,NORMAL,NOKIA
NOKIA_BOX_010,G-1425G-B,2026-02-17 08:06:25,-27.11,4.52,14315.72,3.28,65.27,-28,-8,1,MACROBEND_OR_CONNECTOR,NOKIA
NOKIA_BOX_009,G-2425G-A,2026-02-16 20:06:25,-17.83,1.89,11397.71,3.29,44.49,-28,-8,0,NORMAL,NOKIA
NOKIA_BOX_022,G-1425G-B,2026-02-16 02:06:25,-28.0,4.5,18441.31,3.12,66.27,-28,-8,2,SEVERE_SIGNAL_LOSS,NOKIA
NOKIA_BOX_013,G-2425G-A,2026-02-15 08:06:25,-17.04,2.93,11622.36,3.31,43.73,-28,-8,0,NORMAL,NOKIA
NOKIA_BOX_030,G-1425G-B,2026-02-17 08:06:25,-26.45,3.34,13550.15,3.27,65.14,-28,-8,1,MACROBEND_OR_CONNECTOR,NOKIA
NOKIA_BOX_003,G-2425G-A,2026-02-15 02:06:25,-19.53,3.8,10852.68,3.31,45.49,-28,-8,0,NORMAL,NOKIA
NOKIA_BOX_019,G-2425G-A,2026-02-17 02:06:25,-26.04,2.71,14298.32,3.26,61.26,-28,-8,1,MACROBEND_OR_CONNECTOR,NOKIA
NOKIA_BOX_008,G-1425G-B,2026-02-15 08:06:25,-19.7,2.93,11369.63,3.23,49.75,-28,-8,0,NORMAL,NOKIA
NOKIA_BOX_011,G-2425G-A,2026-02-16 14:06:25,-17.01,1.43,12994.97,3.18,54.32,-28,-8,0,NORMAL,NOKIA
NOKIA_BOX_028,G-1425G-B,2026-02-15 02:06:25,-13.96,2.04,10157.68,3.26,38.4,-28,-8,0,NORMAL,NOKIA
NOKIA_BOX_011,G-2425G-A,2026-02-15 14:06:25,-12.61,1.46,10549.23,3.29,61.76,-28,-8,0,NORMAL,NOKIA
